strain,sample,alias,lineage,vni_subdivision,vnia_subdivision,mating_type,source,country,continent,hiv_status,substrate,dataset,study,date,ploidy,quality_warning,excluded
Ftc555-2,SRS881221,Ftc555-2,VNBI,,,α,Environmental,Botswana,Africa,,Mopane tree,Desjardins,,,NA,NA,NA
Ftc151-1,SRS881219,Ftc151-1,VNBI,,,a,Environmental,Botswana,Africa,,Mopane tree,Desjardins,,,NA,NA,NA
PMHc1052.ENR.STOR,SRS881161,PMHc1052.ENR.STOR,VNBII,,,a,Clinical,Botswana,Africa,,,Desjardins,,,NA,NA,NA
Ftc134-3,SRS881245,Ftc134-3,VNBI,,,α,Environmental,Botswana,Africa,,Mopane tree,Desjardins,,,NA,NA,NA
Ftc173-1,SRS881171,Ftc173-1,VNBI,,,α,Environmental,Botswana,Africa,,Mopane tree,Desjardins,,,NA,NA,NA
NRHc5030.ENR.CLIN.ISO,SRS881140,NRHc5030.ENR.CLIN.ISO,VNBI,,,a,Clinical,Botswana,Africa,,,Desjardins,,,NA,NA,NA
Ftc217-1,SRS885842,Ftc217-1,VNBI,,,α,Environmental,Botswana,Africa,,Mopane tree,Desjardins,,,NA,NA,NA
Ftc241-1,SRS881217,Ftc241-1,VNBI,,,a,Environmental,Botswana,Africa,,Mopane tree,Desjardins,,,NA,NA,NA
Muc516-1,SRS885850,Muc516-1,VNBI,,,α,Environmental,Botswana,Africa,,Mopane tree,Desjardins,,,NA,NA,NA
NRHc5017.ENR,SRS881142,NRHc5017.ENR,VNI,VNIc,,α,Clinical,Botswana,Africa,,,Desjardins,,,NA,NA,NA
Ftc239-2,SRS881168,Ftc239-2,VNBI,,,a,Environmental,Botswana,Africa,,Mopane tree,Desjardins,,,NA,NA,NA
Ftc209-1,SRS881147,Ftc209-1,VNBI,,,α,Environmental,Botswana,Africa,,Mopane tree,Desjardins,,,NA,NA,NA
Ftc327-1,SRS881206,Ftc327-1,VNBI,,,α,Environmental,Botswana,Africa,,Mopane tree,Desjardins,,,NA,NA,NA
PMHc1033.ENR,SRS881159,PMHc1033.ENR,VNBII,,,α,Clinical,Botswana,Africa,,,Desjardins,,,NA,NA,NA
NRHc5011.ENR,SRS881207,NRHc5011.ENR,VNBI,,,α,Clinical,Botswana,Africa,,,Desjardins,,,NA,NA,NA
NRHc5025.ENR.CLIN.1,SRS881237,NRHc5025.ENR.CLIN.1,VNI,VNIa,VNIa-5,α,Clinical,Botswana,Africa,,,Desjardins,,,NA,NA,NA
Ftc202-1,SRS881184,Ftc202-1,VNBI,,,α,Environmental,Botswana,Africa,,Mopane tree,Desjardins,,,NA,NA,NA
NRHc5014.ENR,SRS881189,NRHc5014.ENR,VNBII,,,a,Clinical,Botswana,Africa,,,Desjardins,,,NA,NA,NA
Ftc109-1,SRS881234,Ftc109-1,VNBI,,,α,Environmental,Botswana,Africa,,Mopane tree,Desjardins,,,NA,NA,NA
Muc451-1,SRS881183,Muc451-1,VNBI,,,α,Environmental,Botswana,Africa,,Mopane tree,Desjardins,,,NA,NA,NA
Gbc39-1,SRS881202,Gbc39-1,VNI,VNIc,,α,Environmental,Botswana,Africa,,Acacia tree,Desjardins,,,NA,NA,NA
NRHc5041.ENR.STOR,SRS881236,NRHc5041.ENR.STOR,VNBI,,,α,Clinical,Botswana,Africa,,,Desjardins,,,NA,NA,NA
PMHc1039.ENR.STOR,SRS885889,PMHc1039.ENR.STOR,VNI,VNIa,VNIa-Y,α,Clinical,Botswana,Africa,,,Desjardins,,,NA,NA,NA
Ftc195-1,SRS881218,Ftc195-1,VNBI,,,α,Environmental,Botswana,Africa,,Mopane tree,Desjardins,,,NA,NA,NA
PMHc1030.ENR.CLIN.ISO,SRS881179,PMHc1030.ENR.CLIN.ISO,VNBI,,,α,Clinical,Botswana,Africa,,,Desjardins,,,NA,NA,NA
Ftc211-1,SRS885915,Ftc211-1,VNBI,,,α,Environmental,Botswana,Africa,,Mopane tree,Desjardins,,,NA,NA,NA
Muc463-2,SRS881173,Muc463-2,VNBI,,,α,Environmental,Botswana,Africa,,Mopane tree,Desjardins,,,NA,NA,NA
PMHc1050.ENR.CLIN1,SRS881211,PMHc1050.ENR.CLIN1,VNBI,,,α,Clinical,Botswana,Africa,,,Desjardins,,,NA,NA,NA
Muc437-1,SRS881227,Muc437-1,VNBI,,,α,Environmental,Botswana,Africa,,Mopane tree,Desjardins,,,NA,NA,NA
Muc387-2,SRS881205,Muc387-2,VNBII,,,α,Environmental,Botswana,Africa,,Mopane tree,Desjardins,,,NA,NA,NA
Ftc209-3,SRS881235,Ftc209-3,VNBI,,,a,Environmental,Botswana,Africa,,Mopane tree,Desjardins,,,NA,NA,NA
NRHc5042.ENR.STOR,SRS885880,NRHc5042.ENR.STOR,VNBI,,,α,Clinical,Botswana,Africa,,,Desjardins,,,NA,NA,NA
PMHc1031A.ENR.INI.LP,SRS885916,PMHc1031A.ENR.INI.LP,VNI,VNIc,,α,Clinical,Botswana,Africa,,,Desjardins,,,NA,NA,NA
Ftc267-2,SRS881223,Ftc267-2,VNBI,,,α,Environmental,Botswana,Africa,,Mopane tree,Desjardins,,,NA,NA,NA
Ftc168-1,SRS885878,Ftc168-1,VNBI,,,a,Environmental,Botswana,Africa,,Mopane tree,Desjardins,,,NA,NA,NA
Ftc158-2,SRS885865,Ftc158-2,VNBI,,,a,Environmental,Botswana,Africa,,Avian droppings,Desjardins,,,NA,NA,NA
PMHc1001.ENR,SRS885892,PMHc1001.ENR,VNBI,,,α,Clinical,Botswana,Africa,,,Desjardins,,,NA,NA,NA
Gbc573-1,SRS885169,Gbc573-1,VNBI,,,α,Environmental,Botswana,Africa,,Unknown tree,Desjardins,,,NA,NA,NA
Muc503-1,SRS881149,Muc503-1,VNBI,,,α,Environmental,Botswana,Africa,,Mopane tree,Desjardins,,,NA,NA,NA
Ftc111-1,SRS881191,Ftc111-1,VNBI,,,a,Environmental,Botswana,Africa,,Mopane tree,Desjardins,,,NA,NA,NA
NRHc5026.ENR.CLIN.ISO,SRS881172,NRHc5026.ENR.CLIN.ISO,VNBI,,,α,Clinical,Botswana,Africa,,,Desjardins,,,NA,NA,NA
NRHc5027.ENR.CLIN1,SRS881201,NRHc5027.ENR.CLIN1,VNBI,,,α,Clinical,Botswana,Africa,,,Desjardins,,,NA,NA,NA
NRHc5024A.ENR.CLIN.ISO,SRS885852,NRHc5024A.ENR.CLIN.ISO,VNBI,,,α,Clinical,Botswana,Africa,,,Desjardins,,,NA,NA,NA
Muc504-1,SRS881188,Muc504-1,VNBI,,,α,Environmental,Botswana,Africa,,Mopane tree,Desjardins,,,NA,NA,NA
NRHc5024.ENR.CLIN.1,SRS881228,NRHc5024.ENR.CLIN.1,VNBI,,,α,Clinical,Botswana,Africa,,,Desjardins,,,NA,NA,NA
PMHc1038.ENR.CLIN1,SRS881164,PMHc1038.ENR.CLIN1,VNBI,,,α,Clinical,Botswana,Africa,,,Desjardins,,,NA,NA,NA
NRHc5031.ENR.CLIN.ISO,SRS881225,NRHc5031.ENR.CLIN.ISO,VNBII,,,α,Clinical,Botswana,Africa,,,Desjardins,,,NA,NA,NA
PMHc1020.CLIN.1,SRS881196,PMHc1020.CLIN.1,VNI,VNIc,,α,Clinical,Botswana,Africa,,,Desjardins,,,NA,NA,NA
NRHc5032.ENR.CLIN.ISO,SRS881166,NRHc5032.ENR.CLIN.ISO,VNBI,,,α,Clinical,Botswana,Africa,,,Desjardins,,,NA,NA,NA
NRHc5037.ENR.CLIN1,SRS885176,NRHc5037.ENR.CLIN1,VNBI,,,a,Clinical,Botswana,Africa,,,Desjardins,,,NA,NA,NA
NRHc5023.ENR,SRS885877,NRHc5023.ENR,VNBI,,,α,Clinical,Botswana,Africa,,,Desjardins,,,NA,NA,NA
PMHc1011.ENR,SRS881158,PMHc1011.ENR,VNBI,,,a,Clinical,Botswana,Africa,,,Desjardins,,,NA,NA,NA
Muc418-1,SRS885853,Muc418-1,VNBI,,,α,Environmental,Botswana,Africa,,Mopane tree,Desjardins,,,NA,NA,NA
NRHc5036.ENR,SRS881170,NRHc5036.ENR,VNI,VNIa,VNIa-Y,α,Clinical,Botswana,Africa,,,Desjardins,,,NA,NA,NA
Muc479-1,SRS881243,Muc479-1,VNBI,,,α,Environmental,Botswana,Africa,,Mopane tree,Desjardins,,,NA,NA,NA
Ftc192-1,SRS885857,Ftc192-1,VNBI,,,a,Environmental,Botswana,Africa,,Mopane tree,Desjardins,,,NA,NA,NA
Gbc98-1,SRS881200,Gbc98-1,VNI,VNIc,,α,Environmental,Botswana,Africa,,Unknown tree,Desjardins,,,NA,NA,NA
Gbc16-1,SRS885170,Gbc16-1,VNI,VNIc,,α,Environmental,Botswana,Africa,,Decayed tree,Desjardins,,,NA,NA,NA
NRHc5029.ENR.CLIN.ISO,SRS881151,NRHc5029.ENR.CLIN.ISO,VNBI,,,α,Clinical,Botswana,Africa,,,Desjardins,,,NA,NA,NA
Ftc200-1,SRS881177,Ftc200-1,VNBI,,,α,Environmental,Botswana,Africa,,Mopane tree,Desjardins,,,NA,NA,NA
NRHc5039.ENR.STOR,SRS881162,NRHc5039.ENR.STOR,VNBI,,,α,Clinical,Botswana,Africa,,,Desjardins,,,NA,NA,NA
PMHc1040.ENR.STOR,SRS885884,PMHc1040.ENR.STOR,VNI,VNIa,VNIa-outlier,α,Clinical,Botswana,Africa,,,Desjardins,,,NA,NA,NA
NRHc5015.REL.CLIN.ISO,SRS885879,NRHc5015.REL.CLIN.ISO,VNI,VNIc,,α,Clinical,Botswana,Africa,,,Desjardins,,,NA,NA,NA
PMHc1022.ENR,SRS881241,PMHc1022.ENR,VNI,VNIc,,α,Clinical,Botswana,Africa,,,Desjardins,,,NA,NA,NA
Muc367-1,SRS885871,Muc367-1,VNBI,,,α,Environmental,Botswana,Africa,,Mopane tree,Desjardins,,,NA,NA,NA
Ftc257-1,SRS881247,Ftc257-1,VNBI,,,α,Environmental,Botswana,Africa,,Mopane tree,Desjardins,,,NA,NA,NA
NRHc5013.REL.INI,SRS881148,NRHc5013.REL.INI,VNBI,,,a,Clinical,Botswana,Africa,,,Desjardins,,,NA,NA,NA
Ftc132-1,SRS881150,Ftc132-1,VNBI,,,α,Environmental,Botswana,Africa,,Mopane tree,Desjardins,,,NA,NA,NA
Muc402-1,SRS881233,Muc402-1,VNBI,,,α,Environmental,Botswana,Africa,,Mopane tree,Desjardins,,,NA,NA,NA
Muc457-1,SRS881194,Muc457-1,VNBI,,,α,Environmental,Botswana,Africa,,Mopane tree,Desjardins,,,NA,NA,NA
Gbc44-1,SRS881197,Gbc44-1,VNI,VNIc,,α,Environmental,Botswana,Africa,,Acacia tree,Desjardins,,,NA,NA,NA
PMHc1018.ENR,SRS881208,PMHc1018.ENR,VNI,VNIa,VNIa-32,α,Clinical,Botswana,Africa,,,Desjardins,,,NA,NA,NA
Ftc225-1,SRS885816,Ftc225-1,VNBI,,,α,Environmental,Botswana,Africa,,Mopane tree,Desjardins,,,NA,NA,NA
Muc416-4,SRS881214,Muc416-4,VNBI,,,α,Environmental,Botswana,Africa,,Mopane tree,Desjardins,,,NA,NA,NA
Muc466-3,SRS881203,Muc466-3,VNBI,,,α,Environmental,Botswana,Africa,,Mopane tree,Desjardins,,,NA,NA,NA
NRHc5013.ENR,SRS885875,NRHc5013.ENR,VNBI,,,a,Clinical,Botswana,Africa,,,Desjardins,,,NA,NA,NA
NRHc5005.ENR,SRS881178,NRHc5005.ENR,VNBI,,,α,Clinical,Botswana,Africa,,,Desjardins,,,non_haploid,NA,yes
NRHc5022.ENR,SRS885188,NRHc5022.ENR,VNBI,,,α,Clinical,Botswana,Africa,,,Desjardins,,,NA,NA,NA
Muc458-2,SRS881181,Muc458-2,VNBI,,,α,Environmental,Botswana,Africa,,Mopane tree,Desjardins,,,NA,NA,NA
NRHc5004.ENR,SRS885173,NRHc5004.ENR,VNBI,,,a,Clinical,Botswana,Africa,,,Desjardins,,,NA,NA,NA
Muc364-1,SRS881213,Muc364-1,VNBI,,,α,Environmental,Botswana,Africa,,Mopane tree,Desjardins,,,NA,NA,NA
Muc489-1,SRS881193,Muc489-1,VNBI,,,α,Environmental,Botswana,Africa,,Mopane tree,Desjardins,,,NA,NA,NA
PMHc1029.ENR.STOR,SRS881180,PMHc1029.ENR.STOR,VNBII,,,α,Clinical,Botswana,Africa,,,Desjardins,,,non_haploid,NA,yes
Ftc207-1,SRS881215,Ftc207-1,VNBI,,,a,Environmental,Botswana,Africa,,Mopane tree,Desjardins,,,NA,NA,NA
NRHc5010.ENR,SRS885174,NRHc5010.ENR,VNI,VNIa,VNIa-outlier,α,Clinical,Botswana,Africa,,,Desjardins,,,NA,NA,NA
PMHc1009.ENR,SRS881226,PMHc1009.ENR,VNBII,,,α,Clinical,Botswana,Africa,,,Desjardins,,,NA,NA,NA
NRHc5020.ENR,SRS885186,NRHc5020.ENR,VNBI,,,a,Clinical,Botswana,Africa,,,Desjardins,,,NA,NA,NA
NRHc5028.ENR.STOR,SRS885172,NRHc5028.ENR.STOR,VNI,VNIa,VNIa-outlier,α,Clinical,Botswana,Africa,,,Desjardins,,,NA,NA,NA
NRHc5015.ENR,SRS881244,NRHc5015.ENR,VNI,VNIc,,α,Clinical,Botswana,Africa,,,Desjardins,,,NA,NA,NA
Ftc102-1,SRS881199,Ftc102-1,VNBI,,,a,Environmental,Botswana,Africa,,Mopane tree,Desjardins,,,NA,NA,NA
Ftc146-1,SRS881222,Ftc146-1,VNBI,,,α,Environmental,Botswana,Africa,,Mopane tree,Desjardins,,,NA,NA,NA
PMHc1023.ENR,SRS881212,PMHc1023.ENR,VNII,,,α,Clinical,Botswana,Africa,,,Desjardins,,,NA,NA,NA
Gbc42-1,SRS881204,Gbc42-1,VNI,VNIc,,α,Environmental,Botswana,Africa,,Acacia tree,Desjardins,,,NA,NA,NA
PMHc1024.ENR,SRS881216,PMHc1024.ENR,VNBII,,,a,Clinical,Botswana,Africa,,,Desjardins,,,NA,NA,NA
NRHc5044.REL.INI.CLIN.ISO,SRS881156,NRHc5044.REL.INI.CLIN.ISO,VNI,VNIa,VNIa-Y,α,Clinical,Botswana,Africa,,,Desjardins,,,NA,NA,NA
NRHc5045.ENR.CLIN.ISO,SRS885893,NRHc5045.ENR.CLIN.ISO,VNBI,,,a,Clinical,Botswana,Africa,,,Desjardins,,,NA,NA,NA
NRHc5009.REL.INI,SRS885841,NRHc5009.REL.INI,VNBI,,,α,Clinical,Botswana,Africa,,,Desjardins,,,NA,NA,NA
PMHc1034.ENR.STOR,SRS881152,PMHc1034.ENR.STOR,VNI,VNIc,,α,Clinical,Botswana,Africa,,,Desjardins,,,NA,NA,NA
NRHc5009.ENR,SRS885851,NRHc5009.ENR,VNBI,,,NA,Clinical,Botswana,Africa,,,Desjardins,,,NA,NA,NA
PMHc1043.ENR.STOR,SRS881169,PMHc1043.ENR.STOR,VNI,VNIc,,α,Clinical,Botswana,Africa,,,Desjardins,,,NA,NA,NA
Ftc103-1,SRS881175,Ftc103-1,VNBI,,,α,Environmental,Botswana,Africa,,Mopane tree,Desjardins,,,NA,NA,NA
PMHc1032.ENR,SRS885843,PMHc1032.ENR,VNI,VNIc,,α,Clinical,Botswana,Africa,,,Desjardins,,,NA,NA,NA
Ftc267-1,SRS881155,Ftc267-1,VNBI,,,α,Environmental,Botswana,Africa,,Mopane tree,Desjardins,,,NA,NA,NA
Gbc51-2,SRS881220,Gbc51-2,VNI,VNIc,,α,Environmental,Botswana,Africa,,Acacia tree,Desjardins,,,NA,NA,NA
Gbc39-2,SRS885874,Gbc39-2,VNI,VNIc,,α,Environmental,Botswana,Africa,,Acacia tree,Desjardins,,,NA,NA,NA
NRHc5040.ENR.CLIN.ISO,SRS885888,NRHc5040.ENR.CLIN.ISO,VNBI,,,α,Clinical,Botswana,Africa,,,Desjardins,,,NA,NA,NA
Ftc167-1,SRS885854,Ftc167-1,VNBI,,,α,Environmental,Botswana,Africa,,Mopane tree,Desjardins,,,NA,NA,NA
Ftc321-3,SRS885167,Ftc321-3,VNBI,,,a,Environmental,Botswana,Africa,,Mopane tree,Desjardins,,,NA,NA,NA
Ftc225-3,SRS885192,Ftc225-3,VNBI,,,a,Environmental,Botswana,Africa,,Mopane tree,Desjardins,,,NA,NA,NA
Muc387-1,SRS885833,Muc387-1,VNBII,,,α,Environmental,Botswana,Africa,,Mopane tree,Desjardins,,,NA,NA,NA
NRHc5035.ENR.CLIN.ISO,SRS881157,NRHc5035.ENR.CLIN.ISO,VNBI,,,α,Clinical,Botswana,Africa,,,Desjardins,,,NA,NA,NA
Ftc153-1,SRS881198,Ftc153-1,VNBI,,,a,Environmental,Botswana,Africa,,Mopane tree,Desjardins,,,NA,NA,NA
Ftc321-2,SRS881229,Ftc321-2,VNBI,,,α,Environmental,Botswana,Africa,,Mopane tree,Desjardins,,,NA,NA,NA
NRHc5008.ENR,SRS885171,NRHc5008.ENR,VNBII,,,a,Clinical,Botswana,Africa,,,Desjardins,,,non_haploid,NA,yes
PMHc1047.ENR.CLIN1,SRS885847,PMHc1047.ENR.CLIN1,VNBII,,,α,Clinical,Botswana,Africa,,,Desjardins,,,NA,NA,NA
Ftc222-2,SRS885863,Ftc222-2,VNBI,,,α,Environmental,Botswana,Africa,,Mopane tree,Desjardins,,,NA,NA,NA
Ftc137-1,SRS885855,Ftc137-1,VNBI,,,α,Environmental,Botswana,Africa,,Mopane tree,Desjardins,,,NA,NA,NA
PMHc1035.ENR.STOR,SRS881176,PMHc1035.ENR.STOR,VNBII,,,α,Clinical,Botswana,Africa,,,Desjardins,,,NA,NA,NA
PMHc1026.ENR,SRS881238,PMHc1026.ENR,VNBI,,,α,Clinical,Botswana,Africa,,,Desjardins,,,NA,NA,NA
Ftc321-1,SRS881174,Ftc321-1,VNBI,,,α,Environmental,Botswana,Africa,,Mopane tree,Desjardins,,,NA,NA,NA
Ftc214-1,SRS885858,Ftc214-1,VNBI,,,α,Environmental,Botswana,Africa,,Mopane tree,Desjardins,,,NA,NA,NA
PMHc1002.ENR,SRS881210,PMHc1002.ENR,VNBII,,,α,Clinical,Botswana,Africa,,,Desjardins,,,NA,NA,NA
Muc498-2,SRS885894,Muc498-2,VNBI,,,a,Environmental,Botswana,Africa,,Mopane tree,Desjardins,,,NA,NA,NA
NRHc5001.ENR,SRS881160,NRHc5001.ENR,VNI,VNIc,,α,Clinical,Botswana,Africa,,,Desjardins,,,NA,NA,NA
Muc466-1,SRS881165,Muc466-1,VNBI,,,α,Environmental,Botswana,Africa,,Mopane tree,Desjardins,,,NA,NA,NA
Ftc170-1,SRS885168,Ftc170-1,VNBI,,,a,Environmental,Botswana,Africa,,Mopane tree,Desjardins,,,NA,NA,NA
NRHc5019.ENR,SRS885177,NRHc5019.ENR,VNBI,,,α,Clinical,Botswana,Africa,,,Desjardins,,,NA,NA,NA
Gbc95-1,SRS881246,Gbc95-1,VNI,VNIc,,α,Environmental,Botswana,Africa,,Unknown tree,Desjardins,,,NA,NA,NA
NRHc5021.ENR,SRS881240,NRHc5021.ENR,VNBI,,,a,Clinical,Botswana,Africa,,,Desjardins,,,NA,NA,NA
NRHc5048.ENR.ISO,SRS881239,NRHc5048.ENR.ISO,VNI,VNIc,,α,Clinical,Botswana,Africa,,,Desjardins,,,NA,NA,NA
PMHc1049.THER1.STOR,SRS881185,PMHc1049.THER1.STOR,VNBII,,,α,Clinical,Botswana,Africa,,,Desjardins,,,NA,NA,NA
Ftc239-1,SRS881232,Ftc239-1,VNBI,,,α,Environmental,Botswana,Africa,,Mopane tree,Desjardins,,,NA,NA,NA
Muc460-3,SRS885191,Muc460-3,VNBI,,,α,Environmental,Botswana,Africa,,Mopane tree,Desjardins,,,NA,NA,NA
Ftc236-1,SRS881224,Ftc236-1,VNBI,,,α,Environmental,Botswana,Africa,,Mopane tree,Desjardins,,,NA,NA,NA
PMHc1014.ENR,SRS881242,PMHc1014.ENR,VNBI,,,a,Clinical,Botswana,Africa,,,Desjardins,,,NA,NA,NA
Muc525-1,SRS885887,Muc525-1,VNBI,,,α,Environmental,Botswana,Africa,,Soil,Desjardins,,,NA,NA,NA
Muc449-1,SRS885882,Muc449-1,VNBI,,,α,Environmental,Botswana,Africa,,Mopane tree,Desjardins,,,NA,NA,NA
Ftc555-1,SRS881143,Ftc555-1,VNBI,,,a,Environmental,Botswana,Africa,,Mopane tree,Desjardins,,,NA,NA,NA
WM626,SRS520182,Cryptococcus neoformans var. grubii WM626 (MMRL 3150),VNII,,,α,Clinical,Australia,Australasia,,,Desjardins,,,NA,NA,NA
D17-1,SRS409781,Cryptococcus neoformans var. grubii D17-1,VNI,VNIa,VNIa-outlier,α,Environmental,S. Africa,Africa,,Pigeon guano,Desjardins,,,NA,NA,NA
AD1-86a,SRS417573,Cryptococcus_neoformans var. grubii_AD1-86a,VNI,VNIa,VNIa-5,α,Clinical,France,Europe,,,Desjardins,,,NA,NA,NA
Bt102,SRS404506,Cryptococcus_neoformans var. grubii_Bt102,VNBI,,,α,Clinical,Botswana,Africa,Positive,,Desjardins,,,NA,NA,NA
Bt40,SRS404739,Cryptococcus_neoformans var. grubii_Bt40,VNBII,,,α,Clinical,Botswana,Africa,Positive,,Desjardins,,,NA,NA,NA
Bt7,SRS404514,Cryptococcus_neoformans_Bt7,VNBI,,,α,Clinical,Botswana,Africa,Positive,,Desjardins,,,NA,NA,NA
AD1-90a,SRS417583,Cryptococcus_neoformans var. grubii_AD1-90a,VNI,VNIb,,α,Clinical,France,Europe,,,Desjardins,,,NA,NA,NA
Bt146,SRS417616,Cryptococcus_neoformans var. grubii_Bt146,VNBII,,,α,Clinical,Botswana,Africa,Positive,,Desjardins,,,NA,NA,NA
Bt84,SRS404755,Cryptococcus_neoformans var. grubii_Bt84,VNBII,,,α,Clinical,Botswana,Africa,Positive,,Desjardins,,,NA,NA,NA
Bt6,SRS404753,Cryptococcus_neoformans var. grubii_Bt6,VNI,VNIa,VNIa-Y,α,Clinical,Botswana,Africa,Positive,,Desjardins,,,NA,NA,NA
Bt41,SRS404467,Cryptococcus_neoformans var. grubii_Bt41,VNBII,,,α,Clinical,Botswana,Africa,Positive,,Desjardins,,,NA,NA,NA
Bt23,SRS404488,Cryptococcus_neoformans var. grubii_Bt23,VNI,VNIc,,α,Clinical,Botswana,Africa,Positive,,Desjardins,,,NA,NA,NA
Bt43,SRS404460,Cryptococcus_neoformans_Bt43,VNI,VNIc,,α,Clinical,Botswana,Africa,Positive,,Desjardins,,,NA,NA,NA
Ug2459,SRS417676,Cryptococcus_neoformans var. grubii_Ug2459,VNI,VNIb,,α,Clinical,Uganda,Africa,,,Desjardins,,,NA,NA,NA
Bt126,SRS404766,Cryptococcus_neoformans var. grubii_Bt126,VNI,VNIc,,α,Clinical,Botswana,Africa,Positive,,Desjardins,,,NA,NA,NA
MW-RSA606,SRS404761,Cryptococcus_neoformans var. grubii_MW-RSA606,VNI,VNIb,,α,Clinical,S. Africa,Africa,,,Desjardins,,,NA,NA,NA
Bt25,SRS404499,Cryptococcus_neoformans var. grubii_Bt25,VNBII,,,α,Clinical,Botswana,Africa,Positive,,Desjardins,,,NA,NA,NA
In2632,SRS417642,Cryptococcus_neoformans var. grubii_In2632,VNI,VNIa,VNIa-32,α,Clinical,India,Asia,,,Desjardins,,,NA,NA,NA
Bt155,SRS404491,Cryptococcus_neoformans var. grubii_Bt155,VNI,VNIc,,α,Clinical,Botswana,Africa,Positive,,Desjardins,,,NA,NA,NA
AD3-9a,SRS417597,Cryptococcus_neoformans var. grubii_AD3-9a,VNII,,,α,Clinical,France,Europe,,,Desjardins,,,NA,NA,NA
AD2-60a,SRS409058,Cryptococcus neoformans var. grubii AD2-60a,VNI,VNIb,,α,Clinical,France,Europe,,,Desjardins,,,NA,NA,NA
Bt3,SRS404490,Cryptococcus_neoformans var. grubii_Bt3,VNI,VNIa,VNIa-93,α,Clinical,Botswana,Africa,Positive,,Desjardins,,,NA,NA,NA
AD2-82a,SRS417578,Cryptococcus_neoformans var. grubii_AD2-82a,VNI,VNIa,VNIa-5,α,Clinical,France,Europe,,,Desjardins,,,NA,NA,NA
Ug2462,SRS417678,Cryptococcus_neoformans var. grubii_Ug2462,VNII,,,α,Clinical,Uganda,Africa,,,Desjardins,,,NA,NA,NA
A1-84-14,SRS520173,Cryptococcus neoformans var. grubii A1-84-14,VNI,VNIb,,α,Environmental,USA,North America,,Pigeon guano,Desjardins,,,NA,NA,NA
MW-RSA6134,SRS404793,Cryptococcus_neoformans var. grubii_MW-RSA6134,VNI,VNIb,,α,Clinical,S. Africa,Africa,,,Desjardins,,,NA,NA,NA
AD4-63a,SRS417591,Cryptococcus_neoformans var. grubii_AD4-63a,VNI,VNIa,VNIa-93,α,Clinical,France,Europe,,,Desjardins,,,NA,NA,NA
Bt133,SRS417611,Cryptococcus_neoformans var. grubii_Bt133,VNBII,,,a,Clinical,Botswana,Africa,Positive,,Desjardins,,,NA,NA,NA
Bt30,SRS405118,Cryptococcus_neoformans var. grubii_Bt30,VNI,VNIc,,α,Clinical,Botswana,Africa,Positive,,Desjardins,,,NA,NA,NA
A2-102-5,SRS409060,Cryptococcus neoformans var. grubii A2-102-5,VNI,VNIa,VNIa-outlier,α,Environmental,USA,North America,,Pigeon guano,Desjardins,,,NA,NA,NA
Bt27,SRS404477,Cryptococcus_neoformans var. grubii_Bt27,VNBII,,,α,Clinical,Botswana,Africa,Positive,,Desjardins,,,NA,NA,NA
Pr284-1,SRS417656,Cryptococcus_neoformans var. grubii_Pr284-1,VNI,VNIb,,α,Environmental,Botswana,Africa,,Avian guano,Desjardins,,,NA,NA,NA
Tu401-1,SRS409483,Cryptococcus neoformans var. grubii Tu401-1,VNBI,,,α,Environmental,Botswana,Africa,,Mopane tree,Desjardins,,,NA,NA,NA
Bt157,SRS417625,Cryptococcus_neoformans var. grubii_Bt157,VNBII,,,α,Clinical,Botswana,Africa,Positive,,Desjardins,,,NA,NA,NA
Bt33,SRS404746,Cryptococcus_neoformans var. grubii_Bt33,VNBII,,,α,Clinical,Botswana,Africa,Positive,,Desjardins,,,NA,NA,NA
Bt52,SRS404781,Cryptococcus_neoformans var. grubii_Bt52,VNBII,,,α,Clinical,Botswana,Africa,Positive,,Desjardins,,,NA,NA,NA
Br795,SRS409113,Cryptococcus_neoformans_Br795,VNI,VNIa,VNIa-93,α,Clinical,Brazil,South America,,,Desjardins,,,non_haploid,NA,yes
C27,SRS405110,Cryptococcus_neoformans var. grubii_C27,VNI,VNIa,VNIa-32,α,Clinical,USA,North America,,,Desjardins,,,NA,NA,NA
Bt142,SRS502193,Cryptococcus_neoformans var. grubii_Bt142,VNBI,,,a,Clinical,Botswana,Africa,Positive,,Desjardins,,,NA,NA,NA
WM148,SRS404479,Cryptococcus_neoformans var. grubii_WM148,VNI,VNIb,,α,Clinical,Australia,Australasia,,,Desjardins,,,non_haploid,NA,yes
MW-RSA3179,SRS417653,Cryptococcus_neoformans var. grubii_MW-RSA3179,VNBII,,,α,Clinical,S. Africa,Africa,,,Desjardins,,,NA,NA,NA
PLR10,SRS417655,Cryptococcus_neoformans var. grubii_PLR10,VNBI,,,α,Environmental,Botswana,Africa,,Mopane tree,Desjardins,,,NA,NA,NA
MW-RSA913,SRS520181,Cryptococcus neoformans var. grubii MW-RSA913,VNBII,,,α,Clinical,S. Africa,Africa,,,Desjardins,,,NA,NA,NA
Bt47,SRS405121,Cryptococcus_neoformans_Bt47,VNI,VNIc,,α,Clinical,Botswana,Africa,Positive,,Desjardins,,,NA,NA,NA
Bt121,SRS405132,Cryptococcus_neoformans var. grubii_Bt121,VNI,VNIc,,α,Clinical,Botswana,Africa,Positive,,Desjardins,,,NA,NA,NA
Bt81,SRS404808,Cryptococcus_neoformans var. grubii_Bt81,VNBII,,,a,Clinical,Botswana,Africa,Positive,,Desjardins,,,NA,NA,NA
Bt17,SRS405098,Cryptococcus_neoformans_Bt17,VNI,VNIc,,α,Clinical,Botswana,Africa,Positive,,Desjardins,,,NA,NA,NA
A3-1-1,SRS404496,Cryptococcus_neoformans var. grubii_29593,VNI,VNIb,,α,Environmental,USA,North America,,Pigeon guano,Desjardins,,,NA,NA,NA
Bt109,SRS417606,Cryptococcus_neoformans var. grubii_Bt109,VNBII,,,α,Clinical,Botswana,Africa,Positive,,Desjardins,,,NA,NA,NA
Bt57,SRS405151,Cryptococcus_neoformans var. grubii_Bt57,VNI,VNIc,,α,Clinical,Botswana,Africa,Positive,,Desjardins,,,NA,NA,NA
Bt63,SRS409112,Cryptococcus_neoformans_Bt63,VNBI,,,a,Clinical,Botswana,Africa,Positive,,Desjardins,,,NA,NA,NA
LP-RSA3042,SRS404475,Cryptococcus_neoformans var. grubii_LP-RSA3042,VNI,VNIc,,α,Clinical,S. Africa,Africa,,,Desjardins,,,NA,NA,NA
Bt119,SRS404773,Cryptococcus_neoformans var. grubii_Bt119,VNI,VNIa,VNIa-93,α,Clinical,Botswana,Africa,Positive,,Desjardins,,,NA,NA,NA
Th84,SRS409074,Cryptococcus_neoformans_Th84,VNI,VNIa,VNIa-4,α,Clinical,Thailand,Asia,Positive,,Desjardins,,,NA,NA,NA
Bt62,SRS405136,Cryptococcus_neoformans_Bt62,VNI,VNIc,,α,Clinical,Botswana,Africa,Positive,,Desjardins,,,NA,NA,NA
AD5-39a,SRS417603,Cryptococcus_neoformans var. grubii_AD5-39a,VNI,VNIa,VNIa-93,α,Clinical,France,Europe,,,Desjardins,,,NA,NA,NA
Bt211,SRS404442,Cryptococcus_neoformans var. grubii_Bt211,VNI,VNIc,,α,Clinical,Botswana,Africa,Positive,,Desjardins,,,NA,NA,NA
Bt130,SRS404485,Cryptococcus_neoformans var. grubii_Bt130,VNI,VNIc,,a,Clinical,Botswana,Africa,Positive,,Desjardins,,,NA,NA,NA
Bt97,SRS405137,Cryptococcus_neoformans_Bt97,VNI,VNIc,,α,Clinical,Botswana,Africa,Positive,,Desjardins,,,NA,NA,NA
AD4-76a,SRS417593,Cryptococcus_neoformans var. grubii_AD4-76a,VNI,VNIa,VNIa-4,α,Clinical,France,Europe,,,Desjardins,,,NA,NA,NA
Bt76,SRS404448,Cryptococcus_neoformans var. grubii_Bt76,VNBII,,,α,Clinical,Botswana,Africa,Positive,,Desjardins,,,NA,NA,NA
Gb118,SRS403287,Cryptococcus_neoformans_Gb118,VNI,VNIa,VNIa-X,α,Environmental,Botswana,Africa,,Pigeon guano,Desjardins,,,NA,NA,NA
Bt83,SRS405111,Cryptococcus_neoformans var. grubii_Bt83,VNI,VNIc,,α,Clinical,Botswana,Africa,Positive,,Desjardins,,,NA,NA,NA
Bt210,SRS429660,Cryptococcus_neoformans var. grubii_Bt210,VNI,VNIc,,α,Clinical,Botswana,Africa,Positive,,Desjardins,,,NA,NA,NA
MW-RSA1607,SRS417651,Cryptococcus_neoformans var. grubii_MW-RSA1607,VNBII,,,α,Clinical,S. Africa,Africa,,,Desjardins,,,NA,NA,NA
MW-RSA82,SRS404795,Cryptococcus_neoformans_MW-RSA82,VNI,VNIb,,α,Clinical,S. Africa,Africa,,,Desjardins,,,NA,NA,NA
Bt39,SRS404805,Cryptococcus_neoformans var. grubii_Bt39,VNBII,,,α,Clinical,Botswana,Africa,Positive,,Desjardins,,,NA,NA,NA
Bt115,SRS417607,Cryptococcus_neoformans var. grubii_Bt115,VNBII,,,α,Clinical,Botswana,Africa,Positive,,Desjardins,,,NA,NA,NA
Bt10,SRS404473,Cryptococcus_neoformans var. grubii_Bt10,VNBII,,,α,Clinical,Botswana,Africa,Positive,,Desjardins,,,NA,NA,NA
Bt110,SRS405135,Cryptococcus_neoformans var. grubii_Bt110,VNI,VNIc,,α,Clinical,Botswana,Africa,Positive,,Desjardins,,,NA,NA,NA
LP-RSA6618,SRS417647,Cryptococcus_neoformans var. grubii_LP-RSA6618,VNBI,,,α,Clinical,Botswana,Africa,,,Desjardins,,,NA,NA,NA
C45,SRS409176,Cryptococcus_neoformans_C45,VNII,,,α,Clinical,USA,North America,Negative,,Desjardins,,,NA,NA,NA
Ug2463,SRS417680,Cryptococcus_neoformans var. grubii_Ug2463,VNI,VNIa,VNIa-4,α,Clinical,Uganda,Africa,,,Desjardins,,,NA,NA,NA
Bt42,SRS404451,Cryptococcus_neoformans var. grubii_Bt42,VNI,VNIc,,α,Clinical,Botswana,Africa,Positive,,Desjardins,,,NA,NA,NA
MW-RSA5387,SRS405102,Cryptococcus_neoformans var. grubii_MW-RSA5387,VNI,VNIa,VNIa-X,α,Clinical,S. Africa,Africa,,,Desjardins,,,NA,NA,NA
Bt87,SRS404792,Cryptococcus_neoformans var. grubii_Bt87,VNI,VNIc,,α,Clinical,Botswana,Africa,Positive,,Desjardins,,,NA,NA,NA
Bt160,SRS404512,Cryptococcus_neoformans var. grubii_Bt160,VNI,VNIc,,α,Clinical,Botswana,Africa,Positive,,Desjardins,,,NA,NA,NA
Bt116,SRS405147,Cryptococcus_neoformans var. grubii_Bt116,VNI,VNIc,,α,Clinical,Botswana,Africa,Positive,,Desjardins,,,NA,NA,NA
Bt208,SRS417636,Cryptococcus_neoformans var. grubii_Bt208,VNBII,,,α,Clinical,Botswana,Africa,Positive,,Desjardins,,,NA,NA,NA
Bt148,SRS417619,Cryptococcus_neoformans var. grubii_Bt148,VNBI,,,α,Clinical,Botswana,Africa,Positive,,Desjardins,,,NA,NA,NA
Bt46,SRS404779,Cryptococcus_neoformans_Bt46,VNBII,,,α,Clinical,Botswana,Africa,Positive,,Desjardins,,,NA,NA,NA
Bt209,SRS404809,Cryptococcus_neoformans var. grubii_Bt209,VNI,VNIc,,α,Clinical,Botswana,Africa,Positive,,Desjardins,,,NA,NA,NA
A4-34-6,SRS405126,Cryptococcus_neoformans var. grubii_31427,VNI,VNIa,VNIa-32,α,Environmental,USA,North America,,Pigeon guano,Desjardins,,,NA,NA,NA
LP-RSA848,SRS404813,Cryptococcus_neoformans var. grubii_LP-RSA848,VNI,VNIc,,α,Clinical,S. Africa,Africa,,,Desjardins,,,NA,NA,NA
TCl-11,SRS520184,Cryptococcus sp. TCl-11,VNI,VNIb,,α,Clinical,Togo,Africa,,,Desjardins,,,NA,NA,NA
Bt11,SRS405122,Cryptococcus_neoformans var. grubii_Bt11,VNI,VNIc,,α,Clinical,Botswana,Africa,Positive,,Desjardins,,,NA,NA,NA
LP-RSA756,SRS417658,Cryptococcus_neoformans var. grubii_LP-RSA756,VNBI,,,α,Clinical,Botswana,Africa,,,Desjardins,,,NA,NA,NA
Bt54,SRS404461,Cryptococcus_neoformans var. grubii_Bt54,VNBII,,,α,Clinical,Botswana,Africa,Positive,,Desjardins,,,NA,NA,NA
Bt37,SRS404454,Cryptococcus_neoformans var. grubii_Bt37,VNI,VNIc,,α,Clinical,Botswana,Africa,Positive,,Desjardins,,,NA,NA,NA
MW-RSA1955,SRS409064,Cryptococcus neoformans var. grubii MW-RSA1955,VNI,VNIa,VNIa-5,α,Clinical,S. Africa,Africa,,,Desjardins,,,NA,NA,NA
AD6-55a,SRS417601,Cryptococcus_neoformans var. grubii_AD6-55a,VNI,VNIb,,α,Clinical,France,Europe,,,Desjardins,,,NA,NA,NA
Arg1366,SRS417604,Cryptococcus_neoformans var. grubii_Arg1366,VNI,VNIb,,α,Clinical,Argentina,South America,,,Desjardins,,,NA,NA,NA
Jp1088,SRS417643,Cryptococcus_neoformans var. grubii_Jp1088,VNI,VNIa,VNIa-5,α,Clinical,Japan,Asia,,,Desjardins,,,NA,NA,NA
Bt72,SRS404786,Cryptococcus_neoformans var. grubii_Bt72,VNI,VNIc,,α,Clinical,Botswana,Africa,Positive,,Desjardins,,,NA,NA,NA
IUM-96-28-28,SRS404456,Cryptococcus_neoformans var. grubii_IUM 96-28-28,VNI,VNIb,,a,Environmental,Italy,Europe,,Soil,Desjardins,,,NA,NA,NA
AD3-58,SRS417585,Cryptococcus_neoformans var. grubii_AD3-58,VNI,VNIb,,α,Clinical,France,Europe,,,Desjardins,,,NA,NA,NA
Bt78,SRS404777,Cryptococcus_neoformans var. grubii_Bt78,VNI,VNIc,,α,Clinical,Botswana,Africa,Positive,,Desjardins,,,NA,NA,NA
AD1-95a,SRS417575,Cryptococcus_neoformans var. grubii_AD1-95a,VNI,VNIb,,α,Clinical,France,Europe,,,Desjardins,,,NA,NA,NA
Bt138,SRS417614,Cryptococcus_neoformans var. grubii_Bt138,VNI,VNIa,VNIa-Y,α,Clinical,Botswana,Africa,Positive,,Desjardins,,,NA,NA,NA
AD3-83a,SRS417587,Cryptococcus_neoformans var. grubii_AD3-83a,VNI,VNIb,,α,Clinical,France,Europe,,,Desjardins,,,NA,NA,NA
Bt85,SRS409066,Cryptococcus_neoformans_Bt85,VNBI,,,a,Clinical,Botswana,Africa,Positive,,Desjardins,,,NA,NA,NA
RTC1,SRS417657,Cryptococcus_neoformans var. grubii_RTC1,VNI,VNIa,VNIa-93,α,Clinical,Botswana,Africa,Positive,,Desjardins,,,non_haploid,NA,yes
Bt108,SRS405129,Cryptococcus_neoformans var. grubii_Bt108,VNI,VNIc,,α,Clinical,Botswana,Africa,Positive,,Desjardins,,,NA,NA,NA
Bt58,SRS405148,Cryptococcus_neoformans var. grubii_Bt58,VNI,VNIa,VNIa-X,α,Clinical,Botswana,Africa,Positive,,Desjardins,,,NA,NA,NA
AD1-68a,SRS417572,Cryptococcus_neoformans var. grubii_AD1-68a,VNI,VNIa,VNIa-93,α,Clinical,France,Europe,,,Desjardins,,,NA,NA,NA
MW-RSA36,SRS409177,Cryptococcus neoformans var. grubii MW-RSA36,VNI,VNIa,VNIa-X,α,Clinical,S. Africa,Africa,,,Desjardins,,,NA,NA,NA
AD2-6a,SRS417577,Cryptococcus_neoformans var. grubii_AD2-6a,VNI,VNIb,,α,Clinical,France,Europe,,,Desjardins,,,NA,NA,NA
Tu259-1,SRS409076,Cryptococcus neoformans var. grubii Tu259-1,VNI,VNIa,VNIa-outlier,α,Environmental,Botswana,Africa,,Mopane tree,Desjardins,,,NA,NA,NA
A5-35-17,SRS404443,Cryptococcus neoformans var. grubii A5-35-17,VNI,VNIa,VNIa-5,α,Environmental,USA,North America,,Pigeon guano,Desjardins,,,NA,NA,NA
Bt101,SRS404486,Cryptococcus_neoformans var. grubii_Bt101,VNI,VNIc,,α,Clinical,Botswana,Africa,Positive,,Desjardins,,,NA,NA,NA
MW-RSA722,SRS404513,Cryptococcus_neoformans_MW-RSA722,VNI,VNIb,,α,Clinical,S. Africa,Africa,,,Desjardins,,,NA,NA,NA
Bt104,SRS405142,Cryptococcus_neoformans var. grubii_Bt104,VNI,VNIc,,α,Clinical,Botswana,Africa,Positive,,Desjardins,,,NA,NA,NA
Tu241-1,SRS404494,Cryptococcus_neoformans var. grubii_Tu241-1,VNI,VNIa,VNIa-outlier,α,Environmental,Botswana,Africa,,Mopane tree,Desjardins,,,NA,NA,NA
AD5-53a,SRS417596,Cryptococcus_neoformans var. grubii_AD5-53a,VNI,VNIa,VNIa-5,α,Clinical,France,Europe,,,Desjardins,,,NA,NA,NA
Bt123,SRS404508,Cryptococcus_neoformans var. grubii_Bt123,VNI,VNIc,,α,Clinical,Botswana,Africa,Positive,,Desjardins,,,NA,NA,NA
Bt5,SRS404810,Cryptococcus_neoformans var. grubii_Bt5,VNBII,,,α,Clinical,Botswana,Africa,Positive,,Desjardins,,,NA,NA,NA
Gb159-1,SRS404480,Cryptococcus_neoformans var. grubii_Gb159-1,VNI,VNIc,,α,Environmental,Botswana,Africa,,Unknown tree,Desjardins,,,NA,NA,NA
LP-RSA116,SRS404498,Cryptococcus_neoformans var. grubii_LP-RSA116,VNI,VNIc,,α,Clinical,S. Africa,Africa,,,Desjardins,,,NA,NA,NA
MW-RSA3834,SRS520178,Cryptococcus neoformans var. grubii MW-RSA3834,VNI,VNIc,,α,Clinical,S. Africa,Africa,,,Desjardins,,,NA,NA,NA
8-1,SRS417571,Cryptococcus_neoformans var. grubii_41487,VNII,,,α,Clinical,USA,North America,,,Desjardins,,,NA,NA,NA
C2,SRS404797,Cryptococcus_neoformans_C2,VNII,,,α,Clinical,USA,North America,,,Desjardins,,,NA,NA,NA
C23,SRS409482,Cryptococcus_neoformans_C23,VNI,VNIb,,α,Clinical,USA,North America,Negative,,Desjardins,,,NA,NA,NA
Bt65,SRS417639,Cryptococcus_neoformans var. grubii_Bt65,VNBII,,,a,Clinical,Botswana,Africa,Positive,,Desjardins,,,NA,NA,NA
Bt118,SRS404470,Cryptococcus_neoformans var. grubii_Bt118,VNI,VNIc,,α,Clinical,Botswana,Africa,Positive,,Desjardins,,,NA,NA,NA
Bt89,SRS404458,Cryptococcus_neoformans var. grubii_Bt89,VNBII,,,α,Clinical,Botswana,Africa,Positive,,Desjardins,,,NA,NA,NA
Bt75,SRS404495,Cryptococcus_neoformans var. grubii_Bt75,VNBII,,,α,Clinical,Botswana,Africa,Positive,,Desjardins,,,NA,NA,NA
LP-RSA2297,SRS520174,Cryptococcus neoformans var. grubii LP-RSA2297,VNI,VNIa,VNIa-4,α,Clinical,S. Africa,Africa,,,Desjardins,,,NA,NA,NA
Bt212,SRS404457,Cryptococcus_neoformans var. grubii_Bt212,VNI,VNIa,VNIa-X,α,Clinical,Botswana,Africa,Positive,,Desjardins,,,NA,NA,NA
AD1-83a,SRS409063,Cryptococcus neoformans var. grubii AD1-83a,VNI,VNIa,VNIa-5,α,Clinical,France,Europe,,,Desjardins,,,NA,NA,NA
TCl-14,SRS520185,Cryptococcus sp. TCl-14,VNI,VNIb,,α,Clinical,Togo,Africa,,,Desjardins,,,NA,NA,NA
AD3-95a,SRS417588,Cryptococcus_neoformans var. grubii_AD3-95a,VNI,VNIa,VNIa-4,α,Clinical,France,Europe,,,Desjardins,,,NA,NA,NA
AD2-04a,SRS417576,Cryptococcus_neoformans var. grubii_AD2-04a,VNI,VNIa,VNIa-93,α,Clinical,France,Europe,,,Desjardins,,,NA,NA,NA
AD3-55a,SRS417582,Cryptococcus_neoformans var. grubii_AD3-55a,VNI,VNIb,,α,Clinical,France,Europe,,,Desjardins,,,NA,NA,NA
Bt136,SRS417612,Cryptococcus_neoformans var. grubii_Bt136,VNBII,,,α,Clinical,Botswana,Africa,Positive,,Desjardins,,,NA,NA,NA
Bt213,SRS404449,Cryptococcus_neoformans var. grubii_Bt213,VNI,VNIc,,α,Clinical,Botswana,Africa,Positive,,Desjardins,,,NA,NA,NA
Bt161,SRS404812,Cryptococcus_neoformans var. grubii_Bt161,VNI,VNIc,,α,Clinical,Botswana,Africa,Positive,,Desjardins,,,NA,NA,NA
MW-RSA1186,SRS417650,Cryptococcus_neoformans var. grubii_MW-RSA1186,VNBII,,,α,Clinical,S. Africa,Africa,,,Desjardins,,,NA,NA,NA
Bt60,SRS404469,Cryptococcus_neoformans_Bt60,VNBI,,,α,Clinical,Botswana,Africa,Positive,,Desjardins,,,NA,NA,NA
AD1-7a,SRS409478,Cryptococcus neoformans var. grubii AD1-7a,VNI,VNIb,,α,Clinical,France,Europe,,,Desjardins,,,NA,NA,NA
LP-RSA1684,SRS405149,Cryptococcus_neoformans var. grubii_LP-RSA1684,VNII,,,α,Clinical,S. Africa,Africa,,,Desjardins,,,NA,NA,NA
Bt117,SRS405145,Cryptococcus_neoformans var. grubii_Bt117,VNI,VNIc,,α,Clinical,Botswana,Africa,Positive,,Desjardins,,,NA,NA,NA
AD2-99a,SRS417586,Cryptococcus_neoformans var. grubii_AD2-99a,VNI,VNIb,,α,Clinical,France,Europe,,,Desjardins,,,NA,NA,NA
Bt98,SRS404484,Cryptococcus_neoformans_Bt98,VNBII,,,α,Clinical,Botswana,Africa,Positive,,Desjardins,,,NA,NA,NA
MW-RSA524,SRS520180,Cryptococcus neoformans var. grubii MW-RSA524,VNI,VNIc,,α,Clinical,S. Africa,Africa,,,Desjardins,,,NA,NA,NA
Bt128,SRS417609,Cryptococcus_neoformans var. grubii_Bt128,VNBII,,,α,Clinical,Botswana,Africa,Positive,,Desjardins,,,NA,NA,NA
AD4-47a,SRS417590,Cryptococcus_neoformans var. grubii_AD4-47a,VNI,VNIb,,α,Clinical,France,Europe,,,Desjardins,,,NA,NA,NA
Bt129,SRS404788,Cryptococcus_neoformans var. grubii_Bt129,VNI,VNIc,,α,Clinical,Botswana,Africa,Positive,,Desjardins,,,NA,NA,NA
Bt24,SRS404800,Cryptococcus_neoformans var. grubii_Bt24,VNBI,,,a,Clinical,Botswana,Africa,Positive,,Desjardins,,,NA,NA,NA
Bt137,SRS405113,Cryptococcus_neoformans var. grubii_Bt137,VNI,VNIc,,α,Clinical,Botswana,Africa,Positive,,Desjardins,,,NA,NA,NA
Th206,SRS405127,Cryptococcus_neoformans var. grubii_Th206,VNI,VNIa,VNIa-4,α,Clinical,Thailand,Asia,Positive,,Desjardins,,,NA,NA,NA
Bt34,SRS404743,Cryptococcus_neoformans var. grubii_Bt34,VNBII,,,α,Clinical,Botswana,Africa,Positive,,Desjardins,,,NA,NA,NA
Bt68,SRS404501,Cryptococcus_neoformans_Bt68,VNI,VNIc,,α,Clinical,Botswana,Africa,Positive,,Desjardins,,,NA,NA,NA
Bt164,SRS405114,Cryptococcus_neoformans_Bt164,VNI,VNIa,VNIa-4,α,Clinical,Botswana,Africa,Positive,,Desjardins,,,NA,NA,NA
C8,SRS409059,Cryptococcus_neoformans_C8,VNI,VNIa,VNIa-5,α,Clinical,USA,North America,Positive,,Desjardins,,,NA,NA,NA
Bt31,SRS404750,Cryptococcus_neoformans var. grubii_Bt31,VNBII,,,α,Clinical,Botswana,Africa,Positive,,Desjardins,,,NA,NA,NA
Bt103,SRS404472,Cryptococcus_neoformans var. grubii_Bt103,VNBII,,,α,Clinical,Botswana,Africa,Positive,,Desjardins,,,NA,NA,NA
Bt55,SRS404463,Cryptococcus_neoformans var. grubii_Bt55,VNBII,,,α,Clinical,Botswana,Africa,Positive,,Desjardins,,,NA,NA,NA
Bt147,SRS417618,Cryptococcus_neoformans var. grubii_Bt147,VNBI,,,α,Clinical,Botswana,Africa,Positive,,Desjardins,,,NA,NA,NA
Bt56,SRS404765,Cryptococcus_neoformans var. grubii_Bt56,VNBII,,,α,Clinical,Botswana,Africa,Positive,,Desjardins,,,NA,NA,NA
Bt151,SRS405134,Cryptococcus_neoformans var. grubii_Bt151,VNI,VNIc,,α,Clinical,Botswana,Africa,Positive,,Desjardins,,,NA,NA,NA
Bt49,SRS404516,Cryptococcus_neoformans var. grubii_Bt49,VNI,VNIb,,α,Clinical,Botswana,Africa,Positive,,Desjardins,,,NA,NA,NA
CHC193,SRS409175,Cryptococcus_neoformans_CHC193,VNI,VNIa,VNIa-5,α,Clinical,China,Asia,,,Desjardins,,,NA,NA,NA
Bt59,SRS405130,Cryptococcus_neoformans var. grubii_Bt59,VNI,VNIc,,α,Clinical,Botswana,Africa,Positive,,Desjardins,,,NA,NA,NA
MW-RSA1327,SRS520177,Cryptococcus neoformans var. grubii MW-RSA1327,VNII,,,α,Clinical,S. Africa,Africa,,,Desjardins,,,NA,NA,NA
Bt96,SRS405123,Cryptococcus_neoformans_Bt96,VNBI,,,α,Clinical,Botswana,Africa,Positive,,Desjardins,,,NA,NA,NA
Bt48,SRS405144,Cryptococcus_neoformans var. grubii_Bt48,VNI,VNIa,VNIa-X,α,Clinical,Botswana,Africa,Positive,,Desjardins,,,NA,NA,NA
Bt100,SRS404517,Cryptococcus_neoformans var. grubii_Bt100,VNI,VNIc,,α,Clinical,Botswana,Africa,Positive,,Desjardins,,,NA,NA,NA
A1-35-8,SRS404462,Cryptococcus neoformans var. grubii A1-35-8,VNI,VNIb,,α,Environmental,USA,North America,,Pigeon guano,Desjardins,,,NA,NA,NA
Bt92,SRS405109,Cryptococcus_neoformans var. grubii_Bt92,VNI,VNIa,VNIa-5,α,Clinical,Botswana,Africa,Positive,,Desjardins,,,NA,NA,NA
Bt70,SRS405120,Cryptococcus_neoformans_Bt70,VNBI,,,a,Clinical,Botswana,Africa,Positive,,Desjardins,,,NA,NA,NA
MW-RSA2628,SRS404452,Cryptococcus_neoformans var. grubii_MW-RSA2628,VNI,VNIb,,α,Clinical,S. Africa,Africa,,,Desjardins,,,NA,NA,NA
MW-RSA3321,SRS417654,Cryptococcus_neoformans var. grubii_MW-RSA3321,VNBII,,,α,Clinical,S. Africa,Africa,,,Desjardins,,,NA,NA,NA
LP-RSA2296,SRS404740,Cryptococcus_neoformans var. grubii_LP-RSA2296,VNI,VNIa,VNIa-outlier,α,Clinical,S. Africa,Africa,,,Desjardins,,,NA,NA,NA
Bt1,SRS409065,Cryptococcus_neoformans_Bt1,VNBII,,,α,Clinical,Botswana,Africa,Positive,,Desjardins,,,NA,NA,NA
Bt114,SRS404780,Cryptococcus_neoformans var. grubii_Bt114,VNI,VNIc,,α,Clinical,Botswana,Africa,Positive,,Desjardins,,,NA,NA,NA
Bt206,SRS409075,Cryptococcus_neoformans_Bt206,VNBII,,,a,Clinical,Botswana,Africa,Positive,,Desjardins,,,NA,NA,NA
Bt205,SRS405128,Cryptococcus_neoformans var. grubii_Bt205,VNI,VNIc,,α,Clinical,Botswana,Africa,Positive,,Desjardins,,,NA,NA,NA
A3-38-20,SRS405099,Cryptococcus_neoformans var. grubii_36362,VNI,VNIb,,α,Environmental,USA,North America,,Pigeon guano,Desjardins,,,NA,NA,NA
Bt150,SRS404507,Cryptococcus_neoformans var. grubii_Bt150,VNI,VNIc,,α,Clinical,Botswana,Africa,Positive,,Desjardins,,,NA,NA,NA
Tu360-1,SRS417665,Cryptococcus_neoformans var. grubii_Tu360-1,VNBI,,,α,Environmental,Botswana,Africa,,Mopane tree,Desjardins,,,NA,NA,NA
Bt154,SRS417624,Cryptococcus_neoformans var. grubii_Bt154,VNBI,,,α,Clinical,Botswana,Africa,Positive,,Desjardins,,,NA,NA,NA
Bt105,SRS417605,Cryptococcus_neoformans var. grubii_Bt105,VNBII,,,α,Clinical,Botswana,Africa,Positive,,Desjardins,,,NA,NA,NA
AD5-67a,SRS417599,Cryptococcus_neoformans var. grubii_AD5-67a,VNII,,,α,Clinical,France,Europe,,,Desjardins,,,NA,NA,NA
RTC5,SRS417662,Cryptococcus_neoformans var. grubii_RTC5,VNI,VNIc,,α,Clinical,Botswana,Africa,Positive,,Desjardins,,,NA,NA,NA
MW-RSA3956,SRS520179,Cryptococcus neoformans var. grubii MW-RSA3956,VNII,,,α,Clinical,S. Africa,Africa,,,Desjardins,,,NA,NA,NA
MW-RSA1869,SRS404803,Cryptococcus_neoformans var. grubii_MW-RSA1869,VNI,VNIb,,α,Clinical,S. Africa,Africa,,,Desjardins,,,NA,NA,NA
Bt28,SRS404807,Cryptococcus_neoformans var. grubii_Bt28,VNI,VNIa,VNIa-32,α,Clinical,Botswana,Africa,Positive,,Desjardins,,,NA,NA,NA
Tu369-1,SRS417667,Cryptococcus_neoformans var. grubii_Tu369-1,VNBI,,,α,Environmental,Botswana,Africa,,Mopane tree,Desjardins,,,NA,NA,NA
AD6-54a,SRS417600,Cryptococcus_neoformans var. grubii_AD6-54a,VNI,VNIb,,α,Clinical,France,Europe,,,Desjardins,,,NA,NA,NA
Bt18,SRS404745,Cryptococcus_neoformans_Bt18,VNI,VNIa,VNIa-Y,α,Clinical,Botswana,Africa,Positive,,Desjardins,,,NA,NA,NA
Bt153,SRS405107,Cryptococcus_neoformans var. grubii_Bt153,VNI,VNIc,,α,Clinical,Botswana,Africa,Positive,,Desjardins,,,NA,NA,NA
MW-RSA4119,SRS404492,Cryptococcus_neoformans var. grubii_MW-RSA4119,VNII,,,α,Clinical,S. Africa,Africa,,,Desjardins,,,NA,NA,NA
Bt79,SRS404791,Cryptococcus_neoformans var. grubii_Bt79,VNI,VNIc,,α,Clinical,Botswana,Africa,Positive,,Desjardins,,,NA,NA,NA
Bt202,SRS404794,Cryptococcus_neoformans_Bt202,VNI,VNIc,,α,Clinical,Botswana,Africa,Positive,,Desjardins,,,NA,NA,NA
AD4-92a,SRS417594,Cryptococcus_neoformans var. grubii_AD4-92a,VNI,VNIb,,α,Clinical,France,Europe,,,Desjardins,,,NA,NA,NA
C12,SRS417641,Cryptococcus_neoformans var. grubii_C12,VNII,,,α,Clinical,USA,North America,Negative,,Desjardins,,,NA,NA,NA
Tu229-1,SRS417661,Cryptococcus_neoformans var. grubii_Tu229-1,VNBI,,,α,Environmental,Botswana,Africa,,Mopane tree,Desjardins,,,NA,NA,NA
Bt152,SRS417622,Cryptococcus_neoformans var. grubii_Bt152,VNBII,,,α,Clinical,Botswana,Africa,Positive,,Desjardins,,,NA,NA,NA
Bt111,SRS405141,Cryptococcus_neoformans var. grubii_Bt111,VNI,VNIb,,α,Clinical,Botswana,Africa,Positive,,Desjardins,,,NA,NA,NA
Tu406-1,SRS417668,Cryptococcus_neoformans var. grubii_Tu406-1,VNBI,,,α,Environmental,Botswana,Africa,,Mopane tree,Desjardins,,,NA,NA,NA
Bt203,SRS404489,Cryptococcus_neoformans var. grubii_Bt203,VNI,VNIc,,α,Clinical,Botswana,Africa,Positive,,Desjardins,,,NA,NA,NA
Bt35,SRS520130,Cryptococcus neoformans Bt35,VNBII,,,α,Clinical,Botswana,Africa,Positive,,Desjardins,,,NA,NA,NA
Bt93,SRS404759,Cryptococcus_neoformans var. grubii_Bt93,VNI,VNIc,,α,Clinical,Botswana,Africa,Positive,,Desjardins,,,NA,NA,NA
A4-1-12,SRS405116,Cryptococcus_neoformans var. grubii_33519,VNI,VNIb,,α,Environmental,USA,North America,,Pigeon guano,Desjardins,,,NA,NA,NA
AD3-11a,SRS417579,Cryptococcus_neoformans var. grubii_AD3-11a,VNII,,,α,Clinical,France,Europe,,,Desjardins,,,NA,NA,NA
Bt120,SRS523961,Cryptococcus neoformans var. grubii Bt120,VNI,VNIc,,α,Clinical,Botswana,Africa,Positive,,Desjardins,,,NA,NA,NA
Bt4,SRS417637,Cryptococcus_neoformans var. grubii_Bt4,VNI,VNIc,,α,Clinical,Botswana,Africa,Positive,,Desjardins,,,NA,NA,NA
Bt207,SRS404785,Cryptococcus_neoformans var. grubii_Bt207,VNI,VNIc,,α,Clinical,Botswana,Africa,Positive,,Desjardins,,,NA,NA,NA
T4,SRS405101,Cryptococcus_neoformans var. grubii_T4,VNII,,,α,Environmental,USA,North America,,Oak tree,Desjardins,,,NA,NA,NA
Bt204,SRS417635,Cryptococcus_neoformans var. grubii_Bt204,VNBI,,,a,Clinical,Botswana,Africa,Positive,,Desjardins,,,NA,NA,NA
Bt156,SRS404775,Cryptococcus_neoformans var. grubii_Bt156,VNI,VNIc,,α,Clinical,Botswana,Africa,Positive,,Desjardins,,,NA,NA,NA
Bt44,SRS404782,Cryptococcus_neoformans_Bt44,VNI,VNIc,,α,Clinical,Botswana,Africa,Positive,,Desjardins,,,NA,NA,NA
Bt22,SRS404735,Cryptococcus_neoformans var. grubii_Bt22,VNBI,,,α,Clinical,Botswana,Africa,Positive,,Desjardins,,,NA,NA,NA
MW-RSA852,SRS409067,Cryptococcus neoformans var. grubii MW-RSA852,VNII,,,α,Clinical,S. Africa,Africa,,,Desjardins,,,NA,NA,NA
Bt106,SRS404444,Cryptococcus_neoformans var. grubii_Bt106,VNI,VNIc,,α,Clinical,Botswana,Africa,Positive,,Desjardins,,,NA,NA,NA
Bt90,SRS405119,Cryptococcus_neoformans var. grubii_Bt90,VNI,VNIc,,α,Clinical,Botswana,Africa,Positive,,Desjardins,,,NA,NA,NA
Bt143,SRS417615,Cryptococcus_neoformans var. grubii_Bt143,VNBII,,,α,Clinical,Botswana,Africa,Positive,,Desjardins,,,NA,NA,NA
Bt2,SRS404493,Cryptococcus_neoformans_Bt2,VNI,VNIc,,α,Clinical,Botswana,Africa,Positive,,Desjardins,,,NA,NA,NA
AD3-41a,SRS417581,Cryptococcus_neoformans var. grubii_AD3-41a,VNI,VNIb,,α,Clinical,France,Europe,,,Desjardins,,,NA,NA,NA
LP-RSA1343,SRS404505,Cryptococcus_neoformans var. grubii_LP-RSA1343,VNI,VNIc,,α,Clinical,S. Africa,Africa,,,Desjardins,,,NA,NA,NA
LP-RSA3144,SRS417644,Cryptococcus_neoformans var. grubii_LP-RSA3144,VNBII,,,α,Clinical,S. Africa,Africa,,,Desjardins,,,NA,NA,NA
Jo278-1,SRS404466,Cryptococcus_neoformans var. grubii_Jo278-1,VNI,VNIa,VNIa-5,α,Environmental,S. Africa,Africa,,Soil,Desjardins,,,NA,NA,NA
Bt141,SRS404772,Cryptococcus_neoformans var. grubii_Bt141,VNI,VNIa,VNIa-5,α,Clinical,Botswana,Africa,Positive,,Desjardins,,,NA,NA,NA
MW-RSA2967,SRS417652,Cryptococcus_neoformans var. grubii_MW-RSA2967,VNBII,,,α,Clinical,S. Africa,Africa,,,Desjardins,,,NA,NA,NA
Pr68,SRS405133,Cryptococcus_neoformans_Pr68,VNI,VNIb,,α,Environmental,S. Africa,Africa,,Pigeon guano,Desjardins,,,NA,NA,NA
Bt99,SRS404447,Cryptococcus_neoformans_Bt99,VNI,VNIa,VNIa-4,α,Clinical,Botswana,Africa,Positive,,Desjardins,,,non_haploid,NA,yes
Bt88,SRS404778,Cryptococcus_neoformans var. grubii_Bt88,VNBII,,,a,Clinical,Botswana,Africa,Positive,,Desjardins,,,NA,NA,NA
AD5-45a,SRS417595,Cryptococcus_neoformans var. grubii_AD5-45a,VNI,VNIb,,α,Clinical,France,Europe,,,Desjardins,,,NA,NA,NA
Bt214,SRS404783,Cryptococcus_neoformans var. grubii_Bt214,VNI,VNIc,,α,Clinical,Botswana,Africa,Positive,,Desjardins,,,NA,NA,NA
RTC3,SRS417659,Cryptococcus_neoformans var. grubii_RTC3,VNBI,,,α,Clinical,Botswana,Africa,Positive,,Desjardins,,,non_haploid,NA,yes
125.91,SRS409479,Cryptococcus_neoformans_125.91,VNI,VNIa,VNIa-outlier,a,Clinical,Tanzania,Africa,,,Desjardins,,,NA,NA,NA
Bt45,SRS404741,Cryptococcus_neoformans_Bt45,VNBI,,,α,Clinical,Botswana,Africa,Positive,,Desjardins,,,NA,NA,NA
Tu422-1,SRS417675,Cryptococcus_neoformans var. grubii_Tu422-1,VNBI,,,a,Environmental,Botswana,Africa,,Mopane tree,Desjardins,,,NA,NA,NA
Bt38,SRS404784,Cryptococcus_neoformans var. grubii_Bt38,VNBII,,,α,Clinical,Botswana,Africa,Positive,,Desjardins,,,NA,NA,NA
Bt77,SRS405124,Cryptococcus_neoformans var. grubii_Bt77,VNI,VNIc,,α,Clinical,Botswana,Africa,Positive,,Desjardins,,,NA,NA,NA
Bt53,SRS404789,Cryptococcus_neoformans var. grubii_Bt53,VNBII,,,α,Clinical,Botswana,Africa,Positive,,Desjardins,,,NA,NA,NA
Ze90-1,SRS409061,Cryptococcus neoformans var. grubii Ze90-1,VNBII,,,α,Environmental,S. Africa,Africa,,Eucalyptus tree,Desjardins,,,NA,NA,NA
Bt19,SRS404511,Cryptococcus_neoformans_Bt19,VNI,VNIc,,α,Clinical,Botswana,Africa,Positive,,Desjardins,,,NA,NA,NA
Bt134,SRS404518,Cryptococcus_neoformans var. grubii_Bt134,VNI,VNIa,VNIa-5,α,Clinical,Botswana,Africa,Positive,,Desjardins,,,NA,NA,NA
Bt95,SRS405139,Cryptococcus_neoformans var. grubii_Bt95,VNI,VNIc,,α,Clinical,Botswana,Africa,Positive,,Desjardins,,,NA,NA,NA
Bt8,SRS405146,Cryptococcus_neoformans var. grubii_Bt8,VNI,VNIc,,α,Clinical,Botswana,Africa,Positive,,Desjardins,,,NA,NA,NA
Bt32,SRS404468,Cryptococcus_neoformans var. grubii_Bt32,VNBII,,,α,Clinical,Botswana,Africa,Positive,,Desjardins,,,NA,NA,NA
Tu416-1,SRS417669,Cryptococcus_neoformans var. grubii_Tu416-1,VNBI,,,α,Environmental,Botswana,Africa,,Mopane tree,Desjardins,,,NA,NA,NA
Bt139,SRS404481,Cryptococcus_neoformans var. grubii_Bt139,VNI,VNIa,VNIa-5,α,Clinical,Botswana,Africa,Positive,,Desjardins,,,NA,NA,NA
Bt107,SRS404503,Cryptococcus_neoformans var. grubii_Bt107,VNI,VNIa,VNIa-32,α,Clinical,Botswana,Africa,Positive,,Desjardins,,,NA,NA,NA
Bt149,SRS417620,Cryptococcus_neoformans var. grubii_Bt149,VNBII,,,α,Clinical,Botswana,Africa,Positive,,Desjardins,,,NA,NA,NA
Bt15,SRS409062,Cryptococcus_neoformans_Bt15,VNI,VNIc,,α,Clinical,Botswana,Africa,Positive,,Desjardins,,,NA,NA,NA
Bt20,SRS404756,Cryptococcus_neoformans_Bt20,VNI,VNIc,,α,Clinical,Botswana,Africa,Positive,,Desjardins,,,NA,NA,NA
Bt132,SRS404760,Cryptococcus_neoformans_Bt132,VNI,VNIa,VNIa-4,α,Clinical,Botswana,Africa,Positive,,Desjardins,,,NA,NA,NA
04CN-03-042,ERS2541226,04CN-03-042,VNI,VNIa,VNIa-32,NA,Clinical,Vietnam,Asia,Positive,,Ashton,Ashton,1970-01-01,NA,NA,NA
BMD2809,ERS2541128,BMD2809,VNI,VNIa,VNIa-5,NA,Clinical,Vietnam,Asia,Negative,,Ashton,Ashton,1970-01-01,NA,NA,NA
BMD3002,ERS2541315,BMD3002,VNI,VNIa,VNIa-5,NA,Clinical,Vietnam,Asia,Positive,,Ashton,Ashton,1970-01-01,NA,NA,NA
BMD3079,ERS2541273,BMD3079,VNI,VNIa,VNIa-5,NA,Clinical,Vietnam,Asia,Negative,,Ashton,Ashton,1970-01-01,NA,NA,NA
BMD3117,ERS2541264,BMD3117,VNI,VNIa,VNIa-5,NA,Clinical,Vietnam,Asia,Negative,,Ashton,Ashton,1970-01-01,NA,NA,NA
BMD3118,ERS2541207,BMD3118,VNI,VNIa,VNIa-5,NA,Clinical,Vietnam,Asia,Negative,,Ashton,Ashton,1970-01-01,NA,NA,NA
BMD3135,ERS2541284,BMD3135,VNI,VNIa,VNIa-5,NA,Clinical,Vietnam,Asia,Negative,,Ashton,Ashton,1970-01-01,NA,NA,NA
BMD3144,ERS2541126,BMD3144,VNI,VNIa,VNIa-5,NA,Clinical,Vietnam,Asia,Negative,,Ashton,Ashton,1970-01-01,NA,NA,NA
BMD3244,ERS2541086,BMD3244,VNI,VNIa,VNIa-5,NA,Clinical,Vietnam,Asia,Negative,,Ashton,Ashton,1970-01-01,NA,NA,NA
BMD2765,ERS2541328,BMD2765,VNI,VNIa,VNIa-5,NA,Clinical,Vietnam,Asia,Negative,,Ashton,Ashton,1970-01-01,NA,NA,NA
BMD368,ERS2541220,BMD368,VNI,VNIa,VNIa-5,NA,Clinical,Vietnam,Asia,Negative,,Ashton,Ashton,1970-01-01,NA,NA,NA
BMD534,ERS2541202,BMD534,VNI,VNIa,VNIa-5,NA,Clinical,Vietnam,Asia,Negative,,Ashton,Ashton,1970-01-01,NA,NA,NA
BMD673,ERS1142899,20949_2#58,VNI,VNIa,VNIa-5,NA,Clinical,Vietnam,Asia,Negative,,Ashton,Ashton,1970-01-01,NA,NA,NA
BMD700,ERS542590,14893_3#56,VNI,VNIa,VNIa-5,NA,Clinical,Vietnam,Asia,Negative,,Ashton,Ashton,1970-01-01,NA,NA,NA
BMD732,ERS2541087,BMD732,VNI,VNIa,VNIa-5,NA,Clinical,Vietnam,Asia,Negative,,Ashton,Ashton,1970-01-01,NA,NA,NA
BMD761,ERS2541274,BMD761,VNI,VNIa,VNIa-5,NA,Clinical,Vietnam,Asia,Negative,,Ashton,Ashton,1970-01-01,NA,NA,NA
BMD852,ERS2541188,BMD852,VNI,VNIa,VNIa-5,NA,Clinical,Vietnam,Asia,Negative,,Ashton,Ashton,1970-01-01,NA,NA,NA
BMD854,ERS1142893,20949_2#53,VNI,VNIa,VNIa-5,NA,Clinical,Vietnam,Asia,Negative,,Ashton,Ashton,1970-01-01,NA,NA,NA
BMD865,ERS2541097,BMD865,VNI,VNIa,VNIa-5,NA,Clinical,Vietnam,Asia,Negative,,Ashton,Ashton,1970-01-01,NA,NA,NA
BMD494,ERS2541183,BMD494,VNI,VNIa,VNIa-5,NA,Clinical,Vietnam,Asia,Negative,,Ashton,Ashton,,non_haploid,NA,yes
BMD2655,ERS2541330,BMD2655,VNI,VNIa,VNIa-5,NA,Clinical,Vietnam,Asia,Positive,,Ashton,Ashton,1970-01-01,NA,NA,NA
BMD2617,ERS2541162,BMD2617,VNI,VNIa,VNIa-5,NA,Clinical,Vietnam,Asia,Negative,,Ashton,Ashton,1970-01-01,NA,NA,NA
BMD2495,ERS2541327,BMD2495,VNI,VNIa,VNIa-5,NA,Clinical,Vietnam,Asia,Negative,,Ashton,Ashton,1970-01-01,NA,NA,NA
BMD1228,ERS2541165,BMD1228,VNI,VNIa,VNIa-5,NA,Clinical,Vietnam,Asia,Negative,,Ashton,Ashton,,NA,NA,NA
BMD1232,ERS2541240,BMD1232,VNI,VNIa,VNIa-5,NA,Clinical,Vietnam,Asia,Negative,,Ashton,Ashton,1970-01-01,NA,NA,NA
BMD1291,ERS2541258,BMD1291,VNI,VNIa,VNIa-5,NA,Clinical,Vietnam,Asia,Negative,,Ashton,Ashton,1970-01-01,NA,NA,NA
BMD1338,ERS1142896,20949_2#56,VNI,VNIa,VNIa-5,NA,Clinical,Vietnam,Asia,Negative,,Ashton,Ashton,1970-01-01,NA,NA,NA
BMD1353,ERS2541242,BMD1353,VNI,VNIa,VNIa-5,NA,Clinical,Vietnam,Asia,Negative,,Ashton,Ashton,,NA,NA,NA
BMD1452,ERS2541176,BMD1452,VNI,VNIa,VNIa-5,NA,Clinical,Vietnam,Asia,Negative,,Ashton,Ashton,,NA,NA,NA
BMD1465,ERS2541129,BMD1465,VNI,VNIa,VNIa-5,NA,Clinical,Vietnam,Asia,Negative,,Ashton,Ashton,1970-01-01,NA,NA,NA
BMD1534,ERS2541208,BMD1534,VNI,VNIa,VNIa-5,NA,Clinical,Vietnam,Asia,Negative,,Ashton,Ashton,,NA,NA,NA
BMD1592,ERS2541252,BMD1592,VNI,VNIa,VNIa-5,NA,Clinical,Vietnam,Asia,Negative,,Ashton,Ashton,1970-01-01,NA,NA,NA
BMD1646,ERS1142898,20427_4#20,VNI,VNIa,VNIa-5,NA,Clinical,Vietnam,Asia,Negative,,Ashton,Ashton,1970-01-01,NA,NA,NA
BMD1673,ERS2541306,BMD1673,VNI,VNIa,VNIa-5,NA,Clinical,Vietnam,Asia,Negative,,Ashton,Ashton,1970-01-01,NA,NA,NA
BMD1713,ERS2541096,BMD1713,VNI,VNIa,VNIa-5,NA,Clinical,Vietnam,Asia,Negative,,Ashton,Ashton,1970-01-01,NA,NA,NA
BMD1716,ERS2541101,BMD1716,VNI,VNIa,VNIa-5,NA,Clinical,Vietnam,Asia,Negative,,Ashton,Ashton,1970-01-01,NA,NA,NA
BMD1828,ERS2541112,BMD1828,VNI,VNIa,VNIa-5,NA,Clinical,Vietnam,Asia,Negative,,Ashton,Ashton,1970-01-01,NA,NA,NA
BMD1903,ERS2541228,BMD1903,VNI,VNIa,VNIa-5,NA,Clinical,Vietnam,Asia,Negative,,Ashton,Ashton,1970-01-01,NA,NA,NA
BMD2031,ERS2541279,BMD2031,VNI,VNIa,VNIa-5,NA,Clinical,Vietnam,Asia,Negative,,Ashton,Ashton,1970-01-01,non_haploid,NA,yes
BMD2106,ERS2541122,BMD2106,VNI,VNIa,VNIa-5,NA,Clinical,Vietnam,Asia,Negative,,Ashton,Ashton,,NA,NA,NA
BMD2298,ERS2541161,BMD2298,VNI,VNIa,VNIa-5,NA,Clinical,Vietnam,Asia,Negative,,Ashton,Ashton,1970-01-01,NA,NA,NA
BMD2407,ERS2541230,BMD2407,VNI,VNIa,VNIa-5,NA,Clinical,Vietnam,Asia,Negative,,Ashton,Ashton,1970-01-01,NA,NA,NA
BMD867,ERS2541081,BMD867,VNI,VNIa,VNIa-5,NA,Clinical,Vietnam,Asia,Negative,,Ashton,Ashton,1970-01-01,NA,NA,NA
BMD894,ERS2541169,BMD894,VNI,VNIa,VNIa-5,NA,Clinical,Vietnam,Asia,Negative,,Ashton,Ashton,,NA,NA,NA
BMD899,ERS2541210,BMD899,VNI,VNIa,VNIa-5,NA,Clinical,Vietnam,Asia,Negative,,Ashton,Ashton,1970-01-01,NA,NA,NA
BMD903,ERS1142894,20949_2#54,VNI,VNIa,VNIa-5,NA,Clinical,Vietnam,Asia,Negative,,Ashton,Ashton,1970-01-01,NA,NA,NA
04CN-64-008,ERS2541022,04CN-64-008,VNI,VNIa,VNIa-93,NA,Clinical,Uganda,Africa,Positive,,Ashton,Ashton,1970-01-01,NA,NA,NA
04CN-64-011,ERS2540980,04CN-64-011,VNI,VNIa,VNIa-93,NA,Clinical,Uganda,Africa,Positive,,Ashton,Ashton,1970-01-01,NA,NA,NA
04CN-64-024,ERS2540951,04CN-64-024,VNI,VNIa,VNIa-93,NA,Clinical,Uganda,Africa,Positive,,Ashton,Ashton,1970-01-01,NA,NA,NA
04CN-64-027,ERS2540988,04CN-64-027,VNI,VNIa,VNIa-93,NA,Clinical,Uganda,Africa,Positive,,Ashton,Ashton,1970-01-01,NA,NA,NA
04CN-64-028,ERS2541038,04CN-64-028,VNI,VNIa,VNIa-93,NA,Clinical,Uganda,Africa,Positive,,Ashton,Ashton,1970-01-01,NA,NA,NA
04CN-64-030,ERS2540989,04CN-64-030,VNI,VNIa,VNIa-93,NA,Clinical,Uganda,Africa,Positive,,Ashton,Ashton,1970-01-01,NA,NA,NA
04CN-64-032,ERS2541008,04CN-64-032,VNI,VNIa,VNIa-93,NA,Clinical,Uganda,Africa,Positive,,Ashton,Ashton,1970-01-01,NA,NA,NA
04CN-64-033,ERS2540994,04CN-64-033,VNI,VNIa,VNIa-93,NA,Clinical,Uganda,Africa,Positive,,Ashton,Ashton,1970-01-01,NA,NA,NA
04CN-64-039,ERS2540968,04CN-64-039,VNI,VNIa,VNIa-93,NA,Clinical,Uganda,Africa,Positive,,Ashton,Ashton,1970-01-01,NA,NA,NA
04CN-64-041,ERS2540960,04CN-64-041,VNI,VNIa,VNIa-93,NA,Clinical,Uganda,Africa,Positive,,Ashton,Ashton,1970-01-01,NA,NA,NA
04CN-64-042,ERS2541336,04CN-64-042,VNI,VNIa,VNIa-93,NA,Clinical,Uganda,Africa,Positive,,Ashton,Ashton,1970-01-01,NA,NA,NA
04CN-64-046,ERS2540934,04CN-64-046,VNI,VNIa,VNIa-93,NA,Clinical,Uganda,Africa,Positive,,Ashton,Ashton,1970-01-01,NA,NA,NA
04CN-64-047,ERS2540966,04CN-64-047,VNI,VNIa,VNIa-93,NA,Clinical,Uganda,Africa,Positive,,Ashton,Ashton,1970-01-01,NA,NA,NA
04CN-64-048,ERS2540961,04CN-64-048,VNI,VNIa,VNIa-93,NA,Clinical,Uganda,Africa,Positive,,Ashton,Ashton,1970-01-01,NA,NA,NA
04CN-64-059,ERS2541031,04CN-64-059,VNI,VNIa,VNIa-93,NA,Clinical,Uganda,Africa,Positive,,Ashton,Ashton,1970-01-01,NA,NA,NA
04CN-64-061,ERS2541063,04CN-64-061,VNI,VNIa,VNIa-93,NA,Clinical,Uganda,Africa,Positive,,Ashton,Ashton,1970-01-01,NA,NA,NA
04CN-64-064,ERS2540987,04CN-64-064,VNI,VNIa,VNIa-93,NA,Clinical,Uganda,Africa,Positive,,Ashton,Ashton,1970-01-01,NA,NA,NA
04CN-64-067,ERS2541039,04CN-64-067,VNI,VNIa,VNIa-93,NA,Clinical,Uganda,Africa,Positive,,Ashton,Ashton,1970-01-01,non_haploid,NA,yes
04CN-64-068,ERS2540941,04CN-64-068,VNI,VNIa,VNIa-93,NA,Clinical,Uganda,Africa,Positive,,Ashton,Ashton,1970-01-01,NA,NA,NA
04CN-64-007,ERS2541067,04CN-64-007,VNI,VNIa,VNIa-93,NA,Clinical,Uganda,Africa,Positive,,Ashton,Ashton,1970-01-01,NA,NA,NA
BMD1198,ERS542587,14893_3#53,VNI,VNIa,VNIa-5,NA,Clinical,Vietnam,Asia,Negative,,Ashton,Ashton,,non_haploid,NA,yes
04CN-64-001,ERS2541075,04CN-64-001,VNI,VNIa,VNIa-93,NA,Clinical,Uganda,Africa,Positive,,Ashton,Ashton,1970-01-01,NA,NA,NA
04CN-63-023,ERS2540952,04CN-63-023,VNI,VNIa,VNIa-93,NA,Clinical,Malawi,Africa,Positive,,Ashton,Ashton,1970-01-01,NA,NA,NA
BMD910,ERS2541246,BMD910,VNI,VNIa,VNIa-5,NA,Clinical,Vietnam,Asia,Negative,,Ashton,Ashton,,NA,NA,NA
CNS_121,ERS2541393,CNS_121,VNI,VNIa,VNIa-5,NA,Clinical,Laos,Asia,Positive,,Ashton,Ashton,1970-01-01,NA,NA,NA
CNS_1396-2,ERS2541341,CNS_1396-2,VNI,VNIa,VNIa-5,NA,Clinical,Laos,Asia,Positive,,Ashton,Ashton,,NA,NA,NA
CNS_1569,ERS2541381,CNS_1569,VNI,VNIa,VNIa-5,NA,Clinical,Laos,Asia,Negative,,Ashton,Ashton,1970-01-01,NA,NA,NA
CNS_517,ERS2541370,CNS_517,VNI,VNIa,VNIa-5,NA,Clinical,Laos,Asia,Positive,,Ashton,Ashton,1970-01-01,NA,NA,NA
CNS_936,ERS2541358,CNS_936,VNI,VNIa,VNIa-5,NA,Clinical,Laos,Asia,Positive,,Ashton,Ashton,1970-01-01,NA,NA,NA
LD2,ERS542598,15277_3#47,VNI,VNIa,VNIa-5,NA,Environmental,Vietnam,Asia,,,Ashton,Ashton,,NA,NA,NA
NT7533,ERS542599,14893_3#64,VNI,VNIa,VNIa-5,NA,Environmental,Vietnam,Asia,,,Ashton,Ashton,,NA,NA,NA
04CN-03-036,ERS2541270,04CN-03-036,VNI,VNIa,VNIa-93,NA,Clinical,Vietnam,Asia,Positive,,Ashton,Ashton,1970-01-01,NA,NA,NA
04CN-03-038,ERS2541136,04CN-03-038,VNI,VNIa,VNIa-93,NA,Clinical,Vietnam,Asia,Positive,,Ashton,Ashton,1970-01-01,NA,NA,NA
04CN-03-049,ERS2541184,04CN-03-049,VNI,VNIa,VNIa-93,NA,Clinical,Vietnam,Asia,Positive,,Ashton,Ashton,1970-01-01,NA,NA,NA
04CN-03-050,ERS2541121,04CN-03-050,VNI,VNIa,VNIa-93,NA,Clinical,Vietnam,Asia,Positive,,Ashton,Ashton,1970-01-01,NA,NA,NA
04CN-03-062,ERS2541196,04CN-03-062,VNI,VNIa,VNIa-93,NA,Clinical,Vietnam,Asia,Positive,,Ashton,Ashton,1970-01-01,NA,NA,NA
04CN-03-072,ERS2541147,04CN-03-072,VNI,VNIa,VNIa-93,NA,Clinical,Vietnam,Asia,Positive,,Ashton,Ashton,1970-01-01,NA,NA,NA
04CN-03-101,ERS2541113,04CN-03-101,VNI,VNIa,VNIa-93,NA,Clinical,Vietnam,Asia,Positive,,Ashton,Ashton,1970-01-01,NA,NA,NA
04CN-11-013,ERS2541140,04CN-11-013,VNI,VNIa,VNIa-93,NA,Clinical,Vietnam,Asia,Positive,,Ashton,Ashton,1970-01-01,NA,NA,NA
04CN-63-001,ERS2540962,04CN-63-001,VNI,VNIa,VNIa-93,NA,Clinical,Malawi,Africa,Positive,,Ashton,Ashton,1970-01-01,NA,NA,NA
04CN-63-009,ERS2540956,04CN-63-009,VNI,VNIa,VNIa-93,NA,Clinical,Malawi,Africa,Positive,,Ashton,Ashton,1970-01-01,NA,NA,NA
04CN-63-022,ERS2540998,04CN-63-022,VNI,VNIa,VNIa-93,NA,Clinical,Malawi,Africa,Positive,,Ashton,Ashton,1970-01-01,NA,NA,NA
04CN-63-024,ERS2540979,04CN-63-024,VNI,VNIa,VNIa-93,NA,Clinical,Malawi,Africa,Positive,,Ashton,Ashton,1970-01-01,NA,NA,NA
04CN-64-069,ERS2541045,04CN-64-069,VNI,VNIa,VNIa-93,NA,Clinical,Uganda,Africa,Positive,,Ashton,Ashton,1970-01-01,NA,NA,NA
BMD101,ERS2541335,BMD101,VNI,VNIa,VNIa-5,NA,Clinical,Vietnam,Asia,Negative,,Ashton,Ashton,1970-01-01,NA,NA,NA
BK99,ERS1142756,20427_2#59,VNI,VNIa,VNIa-5,NA,Clinical,Vietnam,Asia,Positive,,Ashton,Ashton,1970-01-01,NA,NA,NA
BK196,ERS1142811,20427_3#23,VNI,VNIa,VNIa-5,NA,Clinical,Vietnam,Asia,Positive,,Ashton,Ashton,1970-01-01,NA,NA,NA
BK197,ERS1142812,20427_3#24,VNI,VNIa,VNIa-5,NA,Clinical,Vietnam,Asia,Positive,,Ashton,Ashton,1970-01-01,NA,NA,NA
BK20,ERS542341,14892_1#45,VNI,VNIa,VNIa-5,NA,Clinical,Vietnam,Asia,Positive,,Ashton,Ashton,1970-01-01,NA,NA,NA
BK201,ERS1142816,20427_3#27,VNI,VNIa,VNIa-5,NA,Clinical,Vietnam,Asia,Positive,,Ashton,Ashton,1970-01-01,NA,NA,NA
BK207,ERS1142821,20427_3#31,VNI,VNIa,VNIa-5,NA,Clinical,Vietnam,Asia,Positive,,Ashton,Ashton,1970-01-01,NA,NA,NA
BK21,ERS1142701,20427_2#10,VNI,VNIa,VNIa-5,NA,Clinical,Vietnam,Asia,Positive,,Ashton,Ashton,1970-01-01,NA,NA,NA
BK210,ERS542489,14893_1#3,VNI,VNIa,VNIa-5,NA,Clinical,Vietnam,Asia,Positive,,Ashton,Ashton,1970-01-01,NA,NA,NA
BK211,ERS542490,14893_1#4,VNI,VNIa,VNIa-5,NA,Clinical,Vietnam,Asia,Positive,,Ashton,Ashton,1970-01-01,non_haploid,NA,yes
BK190,ERS1142807,20427_3#21,VNI,VNIa,VNIa-5,NA,Clinical,Vietnam,Asia,Positive,,Ashton,Ashton,1970-01-01,non_haploid,NA,yes
BK214,ERS1142825,20427_3#33,VNI,VNIa,VNIa-5,NA,Clinical,Vietnam,Asia,Positive,,Ashton,Ashton,1970-01-01,NA,NA,NA
BK22,ERS1142702,20427_2#11,VNI,VNIa,VNIa-5,NA,Clinical,Vietnam,Asia,Positive,,Ashton,Ashton,1970-01-01,NA,NA,NA
BK221,ERS542500,14893_1#14,VNI,VNIa,VNIa-5,NA,Clinical,Vietnam,Asia,Positive,,Ashton,Ashton,1970-01-01,NA,NA,NA
BK222,ERS542501,14893_1#15,VNI,VNIa,VNIa-5,NA,Clinical,Vietnam,Asia,Positive,,Ashton,Ashton,1970-01-01,NA,NA,NA
BK229,ERS1142832,20427_3#39,VNI,VNIa,VNIa-5,NA,Clinical,Vietnam,Asia,Positive,,Ashton,Ashton,1970-01-01,NA,NA,NA
BK233,ERS1142836,20427_3#42,VNI,VNIa,VNIa-5,NA,Clinical,Vietnam,Asia,Positive,,Ashton,Ashton,1970-01-01,NA,NA,NA
BK236,ERS1142839,20427_3#45,VNI,VNIa,VNIa-5,NA,Clinical,Vietnam,Asia,Positive,,Ashton,Ashton,1970-01-01,NA,NA,NA
BK241,ERS1142844,20427_3#50,VNI,VNIa,VNIa-5,NA,Clinical,Vietnam,Asia,Positive,,Ashton,Ashton,1970-01-01,NA,NA,NA
BK242,ERS1142845,20427_3#51,VNI,VNIa,VNIa-5,NA,Clinical,Vietnam,Asia,Positive,,Ashton,Ashton,1970-01-01,non_haploid,NA,yes
BK217,ERS542496,14893_1#10,VNI,VNIa,VNIa-5,NA,Clinical,Vietnam,Asia,Positive,,Ashton,Ashton,1970-01-01,NA,NA,NA
BK187,ERS1142805,20949_2#25,VNI,VNIa,VNIa-5,NA,Clinical,Vietnam,Asia,Positive,,Ashton,Ashton,1970-01-01,NA,NA,NA
BK186,ERS1142804,20949_2#24,VNI,VNIa,VNIa-5,NA,Clinical,Vietnam,Asia,Positive,,Ashton,Ashton,1970-01-01,NA,NA,NA
BK185,ERS1142803,20949_2#23,VNI,VNIa,VNIa-5,NA,Clinical,Vietnam,Asia,Positive,,Ashton,Ashton,1970-01-01,NA,NA,NA
BK118,ERS542410,15277_3#5,VNI,VNIa,VNIa-5,NA,Clinical,Vietnam,Asia,Positive,,Ashton,Ashton,1970-01-01,NA,MAPQ-Low,yes
BK119,ERS542411,15277_3#6,VNI,VNIa,VNIa-5,NA,Clinical,Vietnam,Asia,Positive,,Ashton,Ashton,1970-01-01,NA,MAPQ-Low,yes
BK128,ERS1142767,20949_2#10,VNI,VNIa,VNIa-5,NA,Clinical,Vietnam,Asia,Positive,,Ashton,Ashton,1970-01-01,NA,NA,NA
BK139,ERS1142775,20949_2#13,VNI,VNIa,VNIa-5,NA,Clinical,Vietnam,Asia,Positive,,Ashton,Ashton,1970-01-01,NA,NA,NA
BK140,ERS1142776,20949_2#14,VNI,VNIa,VNIa-5,NA,Clinical,Vietnam,Asia,Positive,,Ashton,Ashton,1970-01-01,NA,NA,NA
BK141,ERS1142777,20427_3#2,VNI,VNIa,VNIa-5,NA,Clinical,Vietnam,Asia,Positive,,Ashton,Ashton,1970-01-01,NA,NA,NA
BK142,ERS1142778,20949_2#15,VNI,VNIa,VNIa-5,NA,Clinical,Vietnam,Asia,Positive,,Ashton,Ashton,1970-01-01,NA,NA,NA
BK146,ERS1142781,20949_2#17,VNI,VNIa,VNIa-5,NA,Clinical,Vietnam,Asia,Positive,,Ashton,Ashton,1970-01-01,NA,NA,NA
BK147,ERS542578,14893_1#90,VNI,VNIa,VNIa-5,NA,Clinical,Vietnam,Asia,Positive,,Ashton,Ashton,1970-01-01,NA,NA,NA
BK15,ERS542301,14892_1#6,VNI,VNIa,VNIa-5,NA,Clinical,Vietnam,Asia,Positive,,Ashton,Ashton,1970-01-01,NA,NA,NA
BK159,ERS542440,14936_1#49,VNI,VNIa,VNIa-5,NA,Clinical,Vietnam,Asia,Positive,,Ashton,Ashton,1970-01-01,non_haploid,NA,yes
BK160,ERS1142787,20427_3#8,VNI,VNIa,VNIa-5,NA,Clinical,Vietnam,Asia,Positive,,Ashton,Ashton,1970-01-01,NA,NA,NA
BK161,ERS542442,14936_1#51,VNI,VNIa,VNIa-5,NA,Clinical,Vietnam,Asia,Positive,,Ashton,Ashton,1970-01-01,NA,NA,NA
BK169,ERS1142793,20427_3#13,VNI,VNIa,VNIa-5,NA,Clinical,Vietnam,Asia,Positive,,Ashton,Ashton,1970-01-01,NA,NA,NA
BK171,ERS542451,14936_1#60,VNI,VNIa,VNIa-5,NA,Clinical,Vietnam,Asia,Positive,,Ashton,Ashton,1970-01-01,NA,NA,NA
BK173,ERS542452,14936_1#61,VNI,VNIa,VNIa-5,NA,Clinical,Vietnam,Asia,Positive,,Ashton,Ashton,1970-01-01,NA,NA,NA
BK175,ERS1142795,20427_3#15,VNI,VNIa,VNIa-5,NA,Clinical,Vietnam,Asia,Positive,,Ashton,Ashton,1970-01-01,NA,NA,NA
BK181,ERS1142799,20427_3#17,VNI,VNIa,VNIa-5,NA,Clinical,Vietnam,Asia,Positive,,Ashton,Ashton,1970-01-01,NA,NA,NA
BK184,ERS1142802,20427_3#19,VNI,VNIa,VNIa-5,NA,Clinical,Vietnam,Asia,Positive,,Ashton,Ashton,1970-01-01,NA,NA,NA
BK249,ERS1142851,20427_3#57,VNI,VNIa,VNIa-5,NA,Clinical,Vietnam,Asia,Positive,,Ashton,Ashton,1970-01-01,NA,NA,NA
BK25,ERS1142705,20427_2#14,VNI,VNIa,VNIa-5,NA,Clinical,Vietnam,Asia,Positive,,Ashton,Ashton,1970-01-01,NA,NA,NA
BK251,ERS1142853,20949_2#32,VNI,VNIa,VNIa-5,NA,Clinical,Vietnam,Asia,Positive,,Ashton,Ashton,1970-01-01,NA,NA,NA
BK255,ERS1142856,20949_2#35,VNI,VNIa,VNIa-5,NA,Clinical,Vietnam,Asia,Positive,,Ashton,Ashton,1970-01-01,NA,NA,NA
BK43,ERS542335,14892_1#39,VNI,VNIa,VNIa-5,NA,Clinical,Vietnam,Asia,Positive,,Ashton,Ashton,1970-01-01,NA,NA,NA
BK44,ERS542343,14892_1#47,VNI,VNIa,VNIa-5,NA,Clinical,Vietnam,Asia,Positive,,Ashton,Ashton,1970-01-01,NA,NA,NA
BK45,ERS1142713,20427_2#19,VNI,VNIa,VNIa-5,NA,Clinical,Vietnam,Asia,Positive,,Ashton,Ashton,1970-01-01,NA,NA,NA
BK47,ERS1142715,20949_2#6,VNI,VNIa,VNIa-5,NA,Clinical,Vietnam,Asia,Positive,,Ashton,Ashton,1970-01-01,NA,NA,NA
BK49,ERS1142717,20427_2#22,VNI,VNIa,VNIa-5,NA,Clinical,Vietnam,Asia,Positive,,Ashton,Ashton,1970-01-01,NA,NA,NA
BK50,ERS542391,14892_1#95,VNI,VNIa,VNIa-5,NA,Clinical,Vietnam,Asia,Positive,,Ashton,Ashton,1970-01-01,NA,NA,NA
BK51,ERS1142718,20427_2#23,VNI,VNIa,VNIa-5,NA,Clinical,Vietnam,Asia,Positive,,Ashton,Ashton,1970-01-01,NA,NA,NA
BK54,ERS542328,14892_1#32,VNI,VNIa,VNIa-5,NA,Clinical,Vietnam,Asia,Positive,,Ashton,Ashton,1970-01-01,NA,NA,NA
BK60,ERS1142723,20427_2#28,VNI,VNIa,VNIa-5,NA,Clinical,Vietnam,Asia,Positive,,Ashton,Ashton,1970-01-01,NA,NA,NA
BK62,ERS542392,14936_1#1,VNI,VNIa,VNIa-5,NA,Clinical,Vietnam,Asia,Positive,,Ashton,Ashton,1970-01-01,NA,NA,NA
BK63,ERS1142725,20427_2#30,VNI,VNIa,VNIa-5,NA,Clinical,Vietnam,Asia,Positive,,Ashton,Ashton,1970-01-01,NA,NA,NA
BK65,ERS542321,14892_1#26,VNI,VNIa,VNIa-5,NA,Clinical,Vietnam,Asia,Positive,,Ashton,Ashton,1970-01-01,NA,NA,NA
BK76,ERS1142734,20427_2#39,VNI,VNIa,VNIa-5,NA,Clinical,Vietnam,Asia,Positive,,Ashton,Ashton,1970-01-01,NA,NA,NA
BK77,ERS1142735,20949_2#7,VNI,VNIa,VNIa-5,NA,Clinical,Vietnam,Asia,Positive,,Ashton,Ashton,1970-01-01,NA,NA,NA
BK78,ERS1142736,20949_2#8,VNI,VNIa,VNIa-5,NA,Clinical,Vietnam,Asia,Positive,,Ashton,Ashton,1970-01-01,NA,NA,NA
BK82,ERS1142740,20427_2#43,VNI,VNIa,VNIa-5,NA,Clinical,Vietnam,Asia,Positive,,Ashton,Ashton,1970-01-01,NA,NA,NA
BK91,ERS1142748,20427_2#51,VNI,VNIa,VNIa-5,NA,Clinical,Vietnam,Asia,Positive,,Ashton,Ashton,1970-01-01,NA,NA,NA
BK94,ERS1142751,20427_2#54,VNI,VNIa,VNIa-5,NA,Clinical,Vietnam,Asia,Positive,,Ashton,Ashton,1970-01-01,NA,NA,NA
BK97,ERS1142754,20427_2#57,VNI,VNIa,VNIa-5,NA,Clinical,Vietnam,Asia,Positive,,Ashton,Ashton,1970-01-01,NA,NA,NA
BK42,ERS1142712,20427_2#18,VNI,VNIa,VNIa-5,NA,Clinical,Vietnam,Asia,Positive,,Ashton,Ashton,1970-01-01,NA,NA,NA
BMD0367,ERS542586,14893_3#52,VNI,VNIa,VNIa-5,NA,Clinical,Vietnam,Asia,Negative,,Ashton,Ashton,,non_haploid,NA,yes
BK41,ERS1142711,20427_2#17,VNI,VNIa,VNIa-5,NA,Clinical,Vietnam,Asia,Positive,,Ashton,Ashton,1970-01-01,NA,NA,NA
BK38,ERS1142710,20949_2#5,VNI,VNIa,VNIa-5,NA,Clinical,Vietnam,Asia,Positive,,Ashton,Ashton,1970-01-01,non_haploid,NA,yes
BK257,ERS1142858,20949_2#37,VNI,VNIa,VNIa-5,NA,Clinical,Vietnam,Asia,Positive,,Ashton,Ashton,1970-01-01,NA,NA,NA
BK26,ERS542389,14892_1#93,VNI,VNIa,VNIa-5,NA,Clinical,Vietnam,Asia,Positive,,Ashton,Ashton,1970-01-01,NA,NA,NA
BK262,ERS542537,14893_1#49,VNI,VNIa,VNIa-5,NA,Clinical,Vietnam,Asia,Positive,,Ashton,Ashton,1970-01-01,NA,NA,NA
BK269,ERS1142866,20427_4#5,VNI,VNIa,VNIa-5,NA,Clinical,Vietnam,Asia,Positive,,Ashton,Ashton,1970-01-01,non_haploid,NA,yes
BK272,ERS1142867,20949_2#41,VNI,VNIa,VNIa-5,NA,Clinical,Vietnam,Asia,Positive,,Ashton,Ashton,1970-01-01,NA,NA,NA
BK275,ERS1142870,20427_4#7,VNI,VNIa,VNIa-5,NA,Clinical,Vietnam,Asia,Positive,,Ashton,Ashton,1970-01-01,NA,NA,NA
BK28,ERS542310,14892_1#15,VNI,VNIa,VNIa-5,NA,Clinical,Vietnam,Asia,Positive,,Ashton,Ashton,1970-01-01,NA,NA,NA
BK288,ERS1142880,20427_4#15,VNI,VNIa,VNIa-5,NA,Clinical,Vietnam,Asia,Positive,,Ashton,Ashton,1970-01-01,NA,NA,NA
BK290,ERS1142882,20949_2#46,VNI,VNIa,VNIa-5,NA,Clinical,Vietnam,Asia,Positive,,Ashton,Ashton,1970-01-01,NA,NA,NA
BK293,ERS1142885,20427_4#17,VNI,VNIa,VNIa-5,NA,Clinical,Vietnam,Asia,Positive,,Ashton,Ashton,1970-01-01,NA,NA,NA
BK294,ERS1142886,20949_2#48,VNI,VNIa,VNIa-5,NA,Clinical,Vietnam,Asia,Positive,,Ashton,Ashton,1970-01-01,NA,NA,NA
BK296,ERS1142888,20427_4#18,VNI,VNIa,VNIa-5,NA,Clinical,Vietnam,Asia,Positive,,Ashton,Ashton,1970-01-01,NA,NA,NA
BK297,ERS1142889,20427_4#19,VNI,VNIa,VNIa-5,NA,Clinical,Vietnam,Asia,Positive,,Ashton,Ashton,1970-01-01,non_haploid,NA,yes
BK298,ERS1142890,20949_2#50,VNI,VNIa,VNIa-5,NA,Clinical,Vietnam,Asia,Positive,,Ashton,Ashton,1970-01-01,NA,NA,NA
BK3,ERS1142692,20427_2#1,VNI,VNIa,VNIa-5,NA,Clinical,Vietnam,Asia,Positive,,Ashton,Ashton,1970-01-01,NA,NA,NA
BK301,ERS1142892,20949_2#52,VNI,VNIa,VNIa-5,NA,Clinical,Vietnam,Asia,Positive,,Ashton,Ashton,,NA,NA,NA
BK31,ERS542334,14892_1#38,VNI,VNIa,VNIa-5,NA,Clinical,Vietnam,Asia,Positive,,Ashton,Ashton,1970-01-01,NA,NA,NA
BK34,ERS1142708,20949_2#4,VNI,VNIa,VNIa-5,NA,Clinical,Vietnam,Asia,Positive,,Ashton,Ashton,1970-01-01,NA,NA,NA
BK37,ERS1142709,20427_2#16,VNI,VNIa,VNIa-5,NA,Clinical,Vietnam,Asia,Positive,,Ashton,Ashton,1970-01-01,NA,NA,NA
BK4,ERS542324,14892_1#29,VNI,VNIa,VNIa-5,NA,Clinical,Vietnam,Asia,Positive,,Ashton,Ashton,1970-01-01,NA,NA,NA
BK117,ERS1142765,20427_2#68,VNI,VNIa,VNIa-5,NA,Clinical,Vietnam,Asia,Positive,,Ashton,Ashton,1970-01-01,NA,NA,NA
04CN-64-074,ERS2541044,04CN-64-074,VNI,VNIa,VNIa-93,NA,Clinical,Uganda,Africa,Positive,,Ashton,Ashton,1970-01-01,non_haploid,NA,yes
04CN-64-076,ERS2541313,04CN-64-076,VNI,VNIa,VNIa-93,NA,Clinical,Uganda,Africa,Positive,,Ashton,Ashton,1970-01-01,NA,NA,NA
04CN-64-093,ERS2541017,04CN-64-093,VNI,VNIa,VNIa-Y,NA,Clinical,Uganda,Africa,Positive,,Ashton,Ashton,1970-01-01,NA,NA,NA
04CN-64-116,ERS2541030,04CN-64-116,VNI,VNIa,VNIa-Y,NA,Clinical,Uganda,Africa,Positive,,Ashton,Ashton,1970-01-01,NA,NA,NA
04CN-65-006,ERS2540973,04CN-65-006,VNI,VNIa,VNIa-Y,NA,Clinical,Uganda,Africa,Positive,,Ashton,Ashton,1970-01-01,NA,NA,NA
04CN-65-010,ERS2541033,04CN-65-010,VNI,VNIa,VNIa-Y,NA,Clinical,Uganda,Africa,Positive,,Ashton,Ashton,1970-01-01,NA,NA,NA
04CN-65-073,ERS2540943,04CN-65-073,VNI,VNIa,VNIa-Y,NA,Clinical,Uganda,Africa,Positive,,Ashton,Ashton,1970-01-01,NA,NA,NA
04CN-64-081,ERS2541308,04CN-64-081,VNI,VNIa,VNIa-Y,NA,Clinical,Uganda,Africa,Positive,,Ashton,Ashton,1970-01-01,NA,NA,NA
04CN-64-053,ERS2540922,04CN-64-053,VNI,VNIa,VNIa-Y,NA,Clinical,Uganda,Africa,Positive,,Ashton,Ashton,1970-01-01,NA,NA,NA
04CN-63-012,ERS2540971,04CN-63-012,VNI,VNIa,VNIa-Y,NA,Clinical,Malawi,Africa,Positive,,Ashton,Ashton,1970-01-01,non_haploid,NA,yes
BK230,ERS1142833,20427_3#40,VNI,VNIa,VNIa-X,NA,Clinical,Vietnam,Asia,Positive,,Ashton,Ashton,1970-01-01,NA,NA,NA
BK33,ERS1142707,20427_2#15,VNI,VNIa,VNIa-93,NA,Clinical,Vietnam,Asia,Positive,,Ashton,Ashton,1970-01-01,NA,NA,NA
BK55,ERS542336,14892_1#40,VNI,VNIa,VNIa-93,NA,Clinical,Vietnam,Asia,Positive,,Ashton,Ashton,1970-01-01,NA,NA,NA
BK72,ERS1142731,20427_2#36,VNI,VNIa,VNIa-93,NA,Clinical,Vietnam,Asia,Positive,,Ashton,Ashton,1970-01-01,NA,NA,NA
BK85,ERS1142743,20427_2#46,VNI,VNIa,VNIa-93,NA,Clinical,Vietnam,Asia,Positive,,Ashton,Ashton,1970-01-01,NA,NA,NA
BMD2620,ERS2541159,BMD2620,VNI,VNIa,VNIa-93,NA,Clinical,Vietnam,Asia,Positive,,Ashton,Ashton,1970-01-01,NA,NA,NA
CNS_487,ERS2541371,CNS_487,VNI,VNIa,VNIa-93,NA,Clinical,Laos,Asia,Negative,,Ashton,Ashton,1970-01-01,NA,NA,NA
CNS_811,ERS2541363,CNS_811,VNI,VNIa,VNIa-93,NA,Clinical,Laos,Asia,Positive,,Ashton,Ashton,1970-01-01,NA,NA,NA
04CN-64-029,ERS2541005,04CN-64-029,VNI,VNIa,VNIa-outlier,NA,Clinical,Uganda,Africa,Positive,,Ashton,Ashton,1970-01-01,NA,NA,NA
04CN-64-097,ERS2541052,04CN-64-097,VNI,VNIa,VNIa-outlier,NA,Clinical,Uganda,Africa,Positive,,Ashton,Ashton,1970-01-01,NA,NA,NA
04CN-64-127,ERS2541009,04CN-64-127,VNI,VNIa,VNIa-outlier,NA,Clinical,Uganda,Africa,Positive,,Ashton,Ashton,1970-01-01,NA,NA,NA
04CN-65-023,ERS2541057,04CN-65-023,VNI,VNIa,VNIa-outlier,NA,Clinical,Uganda,Africa,Positive,,Ashton,Ashton,1970-01-01,NA,NA,NA
04CN-65-046,ERS2541062,04CN-65-046,VNI,VNIa,VNIa-outlier,NA,Clinical,Uganda,Africa,Positive,,Ashton,Ashton,1970-01-01,non_haploid,NA,yes
BK158,ERS1142786,20427_3#7,VNI,VNIa,VNIa-outlier,NA,Clinical,Vietnam,Asia,Positive,,Ashton,Ashton,1970-01-01,NA,NA,NA
04CN-63-007,ERS2540944,04CN-63-007,VNI,VNIa,VNIa-X,NA,Clinical,Malawi,Africa,Positive,,Ashton,Ashton,1970-01-01,NA,NA,NA
04CN-63-037,ERS2540965,04CN-63-037,VNI,VNIa,VNIa-X,NA,Clinical,Malawi,Africa,Positive,,Ashton,Ashton,1970-01-01,NA,NA,NA
04CN-65-027,ERS2540964,04CN-65-027,VNI,VNIa,VNIa-X,NA,Clinical,Uganda,Africa,Positive,,Ashton,Ashton,1970-01-01,NA,NA,NA
04CN-65-032,ERS2541051,04CN-65-032,VNI,VNIa,VNIa-X,NA,Clinical,Uganda,Africa,Positive,,Ashton,Ashton,1970-01-01,NA,NA,NA
04CN-65-130,ERS2541019,04CN-65-130,VNI,VNIa,VNIa-X,NA,Clinical,Uganda,Africa,Positive,,Ashton,Ashton,1970-01-01,NA,NA,NA
BK29,ERS1142706,20949_2#3,VNI,VNIa,VNIa-93,NA,Clinical,Vietnam,Asia,Positive,,Ashton,Ashton,1970-01-01,NA,NA,NA
04CN-64-075,ERS2541064,04CN-64-075,VNI,VNIa,VNIa-93,NA,Clinical,Uganda,Africa,Positive,,Ashton,Ashton,1970-01-01,NA,NA,NA
BK289,ERS1142881,20949_2#45,VNI,VNIa,VNIa-93,NA,Clinical,Vietnam,Asia,Positive,,Ashton,Ashton,1970-01-01,NA,NA,NA
BK277,ERS1142872,20949_2#43,VNI,VNIa,VNIa-93,NA,Clinical,Vietnam,Asia,Positive,,Ashton,Ashton,1970-01-01,NA,NA,NA
04CN-65-017,ERS2540991,04CN-65-017,VNI,VNIa,VNIa-93,NA,Clinical,Uganda,Africa,Positive,,Ashton,Ashton,1970-01-01,NA,NA,NA
04CN-65-024,ERS2541040,04CN-65-024,VNI,VNIa,VNIa-93,NA,Clinical,Uganda,Africa,Positive,,Ashton,Ashton,1970-01-01,NA,NA,NA
04CN-65-030,ERS2541046,04CN-65-030,VNI,VNIa,VNIa-93,NA,Clinical,Uganda,Africa,Positive,,Ashton,Ashton,1970-01-01,NA,NA,NA
04CN-65-035,ERS2541001,04CN-65-035,VNI,VNIa,VNIa-93,NA,Clinical,Uganda,Africa,Positive,,Ashton,Ashton,1970-01-01,NA,NA,NA
04CN-65-038,ERS2541029,04CN-65-038,VNI,VNIa,VNIa-93,NA,Clinical,Uganda,Africa,Positive,,Ashton,Ashton,1970-01-01,NA,NA,NA
04CN-65-040,ERS2540924,04CN-65-040,VNI,VNIa,VNIa-93,NA,Clinical,Uganda,Africa,Positive,,Ashton,Ashton,1970-01-01,non_haploid,NA,yes
04CN-65-043,ERS2541058,04CN-65-043,VNI,VNIa,VNIa-93,NA,Clinical,Uganda,Africa,Positive,,Ashton,Ashton,1970-01-01,NA,NA,NA
04CN-65-044,ERS2541071,04CN-65-044,VNI,VNIa,VNIa-93,NA,Clinical,Uganda,Africa,Positive,,Ashton,Ashton,1970-01-01,NA,NA,NA
04CN-65-016,ERS2541329,04CN-65-016,VNI,VNIa,VNIa-93,NA,Clinical,Uganda,Africa,Positive,,Ashton,Ashton,1970-01-01,non_haploid,NA,yes
04CN-65-049,ERS2541047,04CN-65-049,VNI,VNIa,VNIa-93,NA,Clinical,Uganda,Africa,Positive,,Ashton,Ashton,1970-01-01,NA,NA,NA
04CN-65-059,ERS2541023,04CN-65-059,VNI,VNIa,VNIa-93,NA,Clinical,Uganda,Africa,Positive,,Ashton,Ashton,1970-01-01,NA,NA,NA
04CN-65-064,ERS2541053,04CN-65-064,VNI,VNIa,VNIa-93,NA,Clinical,Uganda,Africa,Positive,,Ashton,Ashton,1970-01-01,NA,NA,NA
04CN-65-070,ERS2541309,04CN-65-070,VNI,VNIa,VNIa-93,NA,Clinical,Uganda,Africa,Positive,,Ashton,Ashton,1970-01-01,NA,NA,NA
04CN-65-071,ERS2540938,04CN-65-071,VNI,VNIa,VNIa-93,NA,Clinical,Uganda,Africa,Positive,,Ashton,Ashton,1970-01-01,NA,NA,NA
04CN-65-080,ERS2541310,04CN-65-080,VNI,VNIa,VNIa-93,NA,Clinical,Uganda,Africa,Negative,,Ashton,Ashton,,NA,NA,NA
04CN-65-085,ERS2541059,04CN-65-085,VNI,VNIa,VNIa-93,NA,Clinical,Uganda,Africa,Positive,,Ashton,Ashton,1970-01-01,NA,NA,NA
04CN-65-086,ERS2541311,04CN-65-086,VNI,VNIa,VNIa-93,NA,Clinical,Uganda,Africa,Positive,,Ashton,Ashton,1970-01-01,NA,NA,NA
04CN-65-089,ERS2541043,04CN-65-089,VNI,VNIa,VNIa-93,NA,Clinical,Uganda,Africa,Positive,,Ashton,Ashton,1970-01-01,NA,NA,NA
04CN-65-054,ERS2540942,04CN-65-054,VNI,VNIa,VNIa-93,NA,Clinical,Uganda,Africa,Positive,,Ashton,Ashton,1970-01-01,NA,NA,NA
04CN-65-008,ERS2540983,04CN-65-008,VNI,VNIa,VNIa-93,NA,Clinical,Uganda,Africa,Positive,,Ashton,Ashton,1970-01-01,NA,NA,NA
04CN-65-007,ERS2540985,04CN-65-007,VNI,VNIa,VNIa-93,NA,Clinical,Uganda,Africa,Positive,,Ashton,Ashton,1970-01-01,NA,NA,NA
04CN-65-005,ERS2540926,04CN-65-005,VNI,VNIa,VNIa-93,NA,Clinical,Uganda,Africa,Positive,,Ashton,Ashton,1970-01-01,NA,NA,NA
04CN-64-077,ERS2541041,04CN-64-077,VNI,VNIa,VNIa-93,NA,Clinical,Uganda,Africa,Positive,,Ashton,Ashton,1970-01-01,NA,NA,NA
04CN-64-078,ERS2541066,04CN-64-078,VNI,VNIa,VNIa-93,NA,Clinical,Uganda,Africa,Positive,,Ashton,Ashton,1970-01-01,NA,NA,NA
04CN-64-080,ERS2540977,04CN-64-080,VNI,VNIa,VNIa-93,NA,Clinical,Uganda,Africa,Positive,,Ashton,Ashton,1970-01-01,NA,NA,NA
04CN-64-088,ERS2541061,04CN-64-088,VNI,VNIa,VNIa-93,NA,Clinical,Uganda,Africa,Positive,,Ashton,Ashton,1970-01-01,NA,NA,NA
04CN-64-089,ERS2541073,04CN-64-089,VNI,VNIa,VNIa-93,NA,Clinical,Uganda,Africa,Positive,,Ashton,Ashton,1970-01-01,NA,NA,NA
04CN-64-099,ERS2541021,04CN-64-099,VNI,VNIa,VNIa-93,NA,Clinical,Uganda,Africa,Positive,,Ashton,Ashton,1970-01-01,NA,NA,NA
04CN-64-100,ERS2540933,04CN-64-100,VNI,VNIa,VNIa-93,NA,Clinical,Uganda,Africa,Positive,,Ashton,Ashton,1970-01-01,NA,NA,NA
04CN-64-101,ERS2540969,04CN-64-101,VNI,VNIa,VNIa-93,NA,Clinical,Uganda,Africa,Positive,,Ashton,Ashton,1970-01-01,NA,NA,NA
04CN-64-105,ERS2540984,04CN-64-105,VNI,VNIa,VNIa-93,NA,Clinical,Uganda,Africa,Positive,,Ashton,Ashton,1970-01-01,NA,NA,NA
04CN-64-117,ERS2540932,04CN-64-117,VNI,VNIa,VNIa-93,NA,Clinical,Uganda,Africa,Positive,,Ashton,Ashton,1970-01-01,NA,NA,NA
04CN-64-128,ERS2541018,04CN-64-128,VNI,VNIa,VNIa-93,NA,Clinical,Uganda,Africa,Positive,,Ashton,Ashton,1970-01-01,non_haploid,NA,yes
04CN-64-129,ERS2541000,04CN-64-129,VNI,VNIa,VNIa-93,NA,Clinical,Uganda,Africa,Positive,,Ashton,Ashton,1970-01-01,NA,NA,NA
04CN-64-134,ERS2540958,04CN-64-134,VNI,VNIa,VNIa-93,NA,Clinical,Uganda,Africa,Positive,,Ashton,Ashton,1970-01-01,NA,NA,NA
04CN-64-138,ERS2541068,04CN-64-138,VNI,VNIa,VNIa-93,NA,Clinical,Uganda,Africa,Positive,,Ashton,Ashton,1970-01-01,NA,NA,NA
04CN-64-150,ERS2541028,04CN-64-150,VNI,VNIa,VNIa-93,NA,Clinical,Uganda,Africa,Positive,,Ashton,Ashton,1970-01-01,non_haploid,NA,yes
04CN-65-001,ERS2540986,04CN-65-001,VNI,VNIa,VNIa-93,NA,Clinical,Uganda,Africa,Positive,,Ashton,Ashton,1970-01-01,NA,NA,NA
04CN-65-002,ERS2541065,04CN-65-002,VNI,VNIa,VNIa-93,NA,Clinical,Uganda,Africa,Positive,,Ashton,Ashton,1970-01-01,NA,NA,NA
04CN-65-003,ERS2540995,04CN-65-003,VNI,VNIa,VNIa-93,NA,Clinical,Uganda,Africa,Positive,,Ashton,Ashton,1970-01-01,NA,NA,NA
04CN-65-004,ERS2541034,04CN-65-004,VNI,VNIa,VNIa-93,NA,Clinical,Uganda,Africa,Positive,,Ashton,Ashton,1970-01-01,NA,NA,NA
04CN-65-091,ERS2541012,04CN-65-091,VNI,VNIa,VNIa-93,NA,Clinical,Uganda,Africa,Positive,,Ashton,Ashton,1970-01-01,NA,NA,NA
04CN-65-095,ERS2540927,04CN-65-095,VNI,VNIa,VNIa-93,NA,Clinical,Uganda,Africa,Positive,,Ashton,Ashton,1970-01-01,NA,NA,NA
04CN-65-098,ERS2541003,04CN-65-098,VNI,VNIa,VNIa-93,NA,Clinical,Uganda,Africa,Positive,,Ashton,Ashton,1970-01-01,NA,NA,NA
04CN-65-100,ERS2541333,04CN-65-100,VNI,VNIa,VNIa-93,NA,Clinical,Uganda,Africa,Positive,,Ashton,Ashton,1970-01-01,NA,NA,NA
BK153,ERS542436,14936_1#45,VNI,VNIa,VNIa-93,NA,Clinical,Vietnam,Asia,Positive,,Ashton,Ashton,1970-01-01,NA,NA,NA
BK157,ERS1142785,20427_3#6,VNI,VNIa,VNIa-93,NA,Clinical,Vietnam,Asia,Positive,,Ashton,Ashton,1970-01-01,NA,NA,NA
BK162,ERS1142788,20427_3#9,VNI,VNIa,VNIa-93,NA,Clinical,Vietnam,Asia,Positive,,Ashton,Ashton,1970-01-01,NA,NA,NA
BK166,ERS1142791,20427_3#12,VNI,VNIa,VNIa-93,NA,Clinical,Vietnam,Asia,Positive,,Ashton,Ashton,1970-01-01,non_haploid,NA,yes
BK174,ERS542453,14936_1#62,VNI,VNIa,VNIa-93,NA,Clinical,Vietnam,Asia,Positive,,Ashton,Ashton,1970-01-01,NA,NA,NA
BK179,ERS1142798,20949_2#21,VNI,VNIa,VNIa-93,NA,Clinical,Vietnam,Asia,Positive,,Ashton,Ashton,1970-01-01,NA,NA,NA
BK206,ERS1142820,20949_2#28,VNI,VNIa,VNIa-93,NA,Clinical,Vietnam,Asia,Positive,,Ashton,Ashton,1970-01-01,NA,NA,NA
BK213,ERS1142824,20949_2#29,VNI,VNIa,VNIa-93,NA,Clinical,Vietnam,Asia,Positive,,Ashton,Ashton,1970-01-01,NA,NA,NA
BK226,ERS542584,15277_3#42,VNI,VNIa,VNIa-93,NA,Clinical,Vietnam,Asia,Positive,,Ashton,Ashton,1970-01-01,NA,MAPQ-Low,yes
BK227,ERS542502,14893_1#16,VNI,VNIa,VNIa-93,NA,Clinical,Vietnam,Asia,Positive,,Ashton,Ashton,1970-01-01,NA,MAPQ-Low,yes
BK228,ERS1142831,20427_3#38,VNI,VNIa,VNIa-93,NA,Clinical,Vietnam,Asia,Positive,,Ashton,Ashton,1970-01-01,NA,NA,NA
BK237,ERS1142840,20427_3#46,VNI,VNIa,VNIa-93,NA,Clinical,Vietnam,Asia,Positive,,Ashton,Ashton,1970-01-01,NA,NA,NA
BK24,ERS1142704,20427_2#13,VNI,VNIa,VNIa-93,NA,Clinical,Vietnam,Asia,Positive,,Ashton,Ashton,1970-01-01,NA,NA,NA
BK243,ERS1142846,20427_3#52,VNI,VNIa,VNIa-93,NA,Clinical,Vietnam,Asia,Positive,,Ashton,Ashton,1970-01-01,NA,NA,NA
BK252,ERS542527,14893_1#40,VNI,VNIa,VNIa-93,NA,Clinical,Vietnam,Asia,Positive,,Ashton,Ashton,1970-01-01,NA,NA,NA
BK256,ERS1142857,20949_2#36,VNI,VNIa,VNIa-93,NA,Clinical,Vietnam,Asia,Positive,,Ashton,Ashton,1970-01-01,NA,NA,NA
BK258,ERS1142859,20949_2#38,VNI,VNIa,VNIa-93,NA,Clinical,Vietnam,Asia,Positive,,Ashton,Ashton,1970-01-01,NA,NA,NA
BK259,ERS1142860,20949_2#39,VNI,VNIa,VNIa-93,NA,Clinical,Vietnam,Asia,Positive,,Ashton,Ashton,1970-01-01,NA,NA,NA
BK273,ERS1142868,20427_4#6,VNI,VNIa,VNIa-93,NA,Clinical,Vietnam,Asia,Positive,,Ashton,Ashton,1970-01-01,NA,NA,NA
BK150,ERS542434,14936_1#43,VNI,VNIa,VNIa-93,NA,Clinical,Vietnam,Asia,Positive,,Ashton,Ashton,1970-01-01,NA,NA,NA
BK283,ERS1142876,20949_2#44,VNI,VNIa,VNIa-93,NA,Clinical,Vietnam,Asia,Positive,,Ashton,Ashton,1970-01-01,NA,NA,NA
BK144,ERS542429,14936_1#38,VNI,VNIa,VNIa-93,NA,Clinical,Vietnam,Asia,Positive,,Ashton,Ashton,1970-01-01,NA,NA,NA
BK132,ERS1142769,20427_2#70,VNI,VNIa,VNIa-93,NA,Clinical,Vietnam,Asia,Positive,,Ashton,Ashton,1970-01-01,NA,NA,NA
04CN-65-102,ERS2541324,04CN-65-102,VNI,VNIa,VNIa-93,NA,Clinical,Uganda,Africa,Positive,,Ashton,Ashton,1970-01-01,NA,NA,NA
04CN-65-103,ERS2540935,04CN-65-103,VNI,VNIa,VNIa-93,NA,Clinical,Uganda,Africa,Positive,,Ashton,Ashton,1970-01-01,NA,NA,NA
04CN-65-108,ERS2540959,04CN-65-108,VNI,VNIa,VNIa-93,NA,Clinical,Uganda,Africa,Positive,,Ashton,Ashton,1970-01-01,NA,NA,NA
04CN-65-127,ERS2541055,04CN-65-127,VNI,VNIa,VNIa-93,NA,Clinical,Uganda,Africa,Positive,,Ashton,Ashton,1970-01-01,NA,NA,NA
04CN-65-131,ERS2541072,04CN-65-131,VNI,VNIa,VNIa-93,NA,Clinical,Uganda,Africa,Positive,,Ashton,Ashton,,NA,NA,NA
04CN-65-134,ERS2540981,04CN-65-134,VNI,VNIa,VNIa-93,NA,Clinical,Uganda,Africa,Positive,,Ashton,Ashton,1970-01-01,NA,NA,NA
04CN-65-135,ERS2541035,04CN-65-135,VNI,VNIa,VNIa-93,NA,Clinical,Uganda,Africa,Positive,,Ashton,Ashton,1970-01-01,NA,NA,NA
04CN-65-137,ERS2540947,04CN-65-137,VNI,VNIa,VNIa-93,NA,Clinical,Uganda,Africa,Positive,,Ashton,Ashton,1970-01-01,NA,NA,NA
04CN-65-141,ERS2541036,04CN-65-141,VNI,VNIa,VNIa-93,NA,Clinical,Uganda,Africa,Positive,,Ashton,Ashton,1970-01-01,NA,NA,NA
04CN-65-142,ERS2540978,04CN-65-142,VNI,VNIa,VNIa-93,NA,Clinical,Uganda,Africa,Positive,,Ashton,Ashton,1970-01-01,NA,NA,NA
04CN-65-163,ERS2540928,04CN-65-163,VNI,VNIa,VNIa-93,NA,Clinical,Uganda,Africa,Positive,,Ashton,Ashton,1970-01-01,NA,NA,NA
04CN-65-164,ERS2541320,04CN-65-164,VNI,VNIa,VNIa-93,NA,Clinical,Uganda,Africa,Positive,,Ashton,Ashton,1970-01-01,NA,NA,NA
04CN-65-165,ERS2540923,04CN-65-165,VNI,VNIa,VNIa-93,NA,Clinical,Uganda,Africa,Positive,,Ashton,Ashton,,NA,NA,NA
04CN-65-166,ERS2540996,04CN-65-166,VNI,VNIa,VNIa-93,NA,Clinical,Uganda,Africa,Positive,,Ashton,Ashton,1970-01-01,non_haploid,NA,yes
04CN-65-167,ERS2541024,04CN-65-167,VNI,VNIa,VNIa-93,NA,Clinical,Uganda,Africa,Positive,,Ashton,Ashton,1970-01-01,NA,NA,NA
BK108,ERS1142759,20427_2#62,VNI,VNIa,VNIa-93,NA,Clinical,Vietnam,Asia,Positive,,Ashton,Ashton,1970-01-01,NA,NA,NA
BK112,ERS1142761,20427_2#64,VNI,VNIa,VNIa-93,NA,Clinical,Vietnam,Asia,Positive,,Ashton,Ashton,1970-01-01,NA,NA,NA
BK12,ERS1142697,20427_2#6,VNI,VNIa,VNIa-93,NA,Clinical,Vietnam,Asia,Positive,,Ashton,Ashton,1970-01-01,NA,NA,NA
BK129,ERS1142768,20427_2#69,VNI,VNIa,VNIa-93,NA,Clinical,Vietnam,Asia,Positive,,Ashton,Ashton,1970-01-01,NA,NA,NA
BK138,ERS1142774,20949_2#12,VNI,VNIa,VNIa-93,NA,Clinical,Vietnam,Asia,Positive,,Ashton,Ashton,1970-01-01,NA,NA,NA
BK116,ERS1142764,20427_2#67,VNI,VNIa,VNIa-5,NA,Clinical,Vietnam,Asia,Positive,,Ashton,Ashton,1970-01-01,NA,NA,NA
BK39,ERS542303,14892_1#8,VNI,VNIa,VNIa-5,NA,Clinical,Vietnam,Asia,Positive,,Ashton,Ashton,1970-01-01,NA,NA,NA
BK107,ERS542400,14936_1#9,VNI,VNIa,VNIa-5,NA,Clinical,Vietnam,Asia,Positive,,Ashton,Ashton,1970-01-01,NA,NA,NA
BK113,ERS1142762,20427_2#65,VNI,VNIa,VNIa-4,NA,Clinical,Vietnam,Asia,Positive,,Ashton,Ashton,1970-01-01,NA,NA,NA
BK114,ERS542406,14936_1#15,VNI,VNIa,VNIa-4,NA,Clinical,Vietnam,Asia,Positive,,Ashton,Ashton,1970-01-01,NA,NA,NA
BK123,ERS542413,14936_1#22,VNI,VNIa,VNIa-4,NA,Clinical,Vietnam,Asia,Positive,,Ashton,Ashton,1970-01-01,NA,NA,NA
BK125,ERS542414,15277_3#7,VNI,VNIa,VNIa-4,NA,Clinical,Vietnam,Asia,Positive,,Ashton,Ashton,1970-01-01,NA,MAPQ-Low,yes
BK127,ERS542415,15277_3#8,VNI,VNIa,VNIa-4,NA,Clinical,Vietnam,Asia,Positive,,Ashton,Ashton,1970-01-01,NA,MAPQ-Low,yes
BK13,ERS1142698,20427_2#7,VNI,VNIa,VNIa-4,NA,Clinical,Vietnam,Asia,Positive,,Ashton,Ashton,1970-01-01,NA,NA,NA
BK134,ERS1142770,20427_2#71,VNI,VNIa,VNIa-4,NA,Clinical,Vietnam,Asia,Positive,,Ashton,Ashton,1970-01-01,NA,NA,NA
BK137,ERS1142773,20427_3#1,VNI,VNIa,VNIa-4,NA,Clinical,Vietnam,Asia,Positive,,Ashton,Ashton,1970-01-01,NA,NA,NA
BK111,ERS542403,15277_3#1,VNI,VNIa,VNIa-4,NA,Clinical,Vietnam,Asia,Positive,,Ashton,Ashton,1970-01-01,NA,MAPQ-Low,yes
BK14,ERS1142699,20427_2#8,VNI,VNIa,VNIa-4,NA,Clinical,Vietnam,Asia,Positive,,Ashton,Ashton,1970-01-01,NA,NA,NA
BK148,ERS1142782,20949_2#18,VNI,VNIa,VNIa-4,NA,Clinical,Vietnam,Asia,Positive,,Ashton,Ashton,1970-01-01,NA,NA,NA
BK149,ERS1142783,20427_3#4,VNI,VNIa,VNIa-4,NA,Clinical,Vietnam,Asia,Positive,,Ashton,Ashton,1970-01-01,NA,NA,NA
BK151,ERS1142784,20427_3#5,VNI,VNIa,VNIa-4,NA,Clinical,Vietnam,Asia,Positive,,Ashton,Ashton,1970-01-01,NA,NA,NA
BK155,ERS542437,14936_1#46,VNI,VNIa,VNIa-4,NA,Clinical,Vietnam,Asia,Positive,,Ashton,Ashton,1970-01-01,NA,NA,NA
BK156,ERS542435,14936_1#44,VNI,VNIa,VNIa-4,NA,Clinical,Vietnam,Asia,Positive,,Ashton,Ashton,1970-01-01,NA,NA,NA
BK16,ERS542309,14892_1#14,VNI,VNIa,VNIa-4,NA,Clinical,Vietnam,Asia,Positive,,Ashton,Ashton,1970-01-01,NA,NA,NA
BK163,ERS1142789,20427_3#10,VNI,VNIa,VNIa-4,NA,Clinical,Vietnam,Asia,Positive,,Ashton,Ashton,1970-01-01,NA,NA,NA
BK164,ERS542445,14936_1#54,VNI,VNIa,VNIa-4,NA,Clinical,Vietnam,Asia,Positive,,Ashton,Ashton,1970-01-01,NA,NA,NA
BK143,ERS1142779,20427_3#3,VNI,VNIa,VNIa-4,NA,Clinical,Vietnam,Asia,Positive,,Ashton,Ashton,1970-01-01,NA,NA,NA
BK115,ERS1142763,20427_2#66,VNI,VNIa,VNIa-5,NA,Clinical,Vietnam,Asia,Positive,,Ashton,Ashton,1970-01-01,NA,NA,NA
BK106,ERS1142758,20427_2#61,VNI,VNIa,VNIa-4,NA,Clinical,Vietnam,Asia,Positive,,Ashton,Ashton,1970-01-01,non_haploid,NA,yes
BK100,ERS1142757,20427_2#60,VNI,VNIa,VNIa-4,NA,Clinical,Vietnam,Asia,Positive,,Ashton,Ashton,1970-01-01,NA,NA,NA
04CN-32-090,ERS2541074,04CN-32-090,VNI,VNIa,VNIa-4,NA,Clinical,Thailand,Asia,Positive,,Ashton,Ashton,1970-01-01,NA,NA,NA
04CN-32-093,ERS2540930,04CN-32-093,VNI,VNIa,VNIa-4,NA,Clinical,Thailand,Asia,Positive,,Ashton,Ashton,1970-01-01,NA,NA,NA
04CN-32-105,ERS2541026,04CN-32-105,VNI,VNIa,VNIa-4,NA,Clinical,Thailand,Asia,Positive,,Ashton,Ashton,1970-01-01,NA,NA,NA
04CN-32-106,ERS2541015,04CN-32-106,VNI,VNIa,VNIa-4,NA,Clinical,Thailand,Asia,Positive,,Ashton,Ashton,1970-01-01,NA,NA,NA
04CN-33-002,ERS2540946,04CN-33-002,VNI,VNIa,VNIa-4,NA,Clinical,Thailand,Asia,Positive,,Ashton,Ashton,1970-01-01,NA,NA,NA
04CN-33-004,ERS2541048,04CN-33-004,VNI,VNIa,VNIa-4,NA,Clinical,Thailand,Asia,Positive,,Ashton,Ashton,1970-01-01,NA,NA,NA
04CN-33-015,ERS2541010,04CN-33-015,VNI,VNIa,VNIa-4,NA,Clinical,Thailand,Asia,Positive,,Ashton,Ashton,1970-01-01,NA,NA,NA
04CN-33-023,ERS2541004,04CN-33-023,VNI,VNIa,VNIa-4,NA,Clinical,Thailand,Asia,Positive,,Ashton,Ashton,1970-01-01,NA,NA,NA
04CN-33-026,ERS2540939,04CN-33-026,VNI,VNIa,VNIa-4,NA,Clinical,Thailand,Asia,Positive,,Ashton,Ashton,1970-01-01,NA,NA,NA
04CN-33-034,ERS2541011,04CN-33-034,VNI,VNIa,VNIa-4,NA,Clinical,Thailand,Asia,Positive,,Ashton,Ashton,1970-01-01,NA,NA,NA
04CN-33-045,ERS2541025,04CN-33-045,VNI,VNIa,VNIa-4,NA,Clinical,Thailand,Asia,Positive,,Ashton,Ashton,1970-01-01,NA,NA,NA
04CN-33-061,ERS2541076,04CN-33-061,VNI,VNIa,VNIa-4,NA,Clinical,Thailand,Asia,Positive,,Ashton,Ashton,1970-01-01,NA,NA,NA
04CN-33-062,ERS2540940,04CN-33-062,VNI,VNIa,VNIa-4,NA,Clinical,Thailand,Asia,Positive,,Ashton,Ashton,1970-01-01,NA,NA,NA
04CN-33-065,ERS2540982,04CN-33-065,VNI,VNIa,VNIa-4,NA,Clinical,Thailand,Asia,Positive,,Ashton,Ashton,1970-01-01,NA,NA,NA
04CN-33-066,ERS2540929,04CN-33-066,VNI,VNIa,VNIa-4,NA,Clinical,Thailand,Asia,Positive,,Ashton,Ashton,1970-01-01,NA,NA,NA
04CN-33-067,ERS2540990,04CN-33-067,VNI,VNIa,VNIa-4,NA,Clinical,Thailand,Asia,Positive,,Ashton,Ashton,1970-01-01,NA,NA,NA
04CN-33-093,ERS2540997,04CN-33-093,VNI,VNIa,VNIa-4,NA,Clinical,Thailand,Asia,Positive,,Ashton,Ashton,1970-01-01,NA,NA,NA
04CN-64-006,ERS2541020,04CN-64-006,VNI,VNIa,VNIa-4,NA,Clinical,Uganda,Africa,Positive,,Ashton,Ashton,1970-01-01,NA,NA,NA
BK1,ERS1142690,20949_2#1,VNI,VNIa,VNIa-4,NA,Clinical,Vietnam,Asia,Positive,,Ashton,Ashton,1970-01-01,NA,NA,NA
BK165,ERS1142790,20427_3#11,VNI,VNIa,VNIa-4,NA,Clinical,Vietnam,Asia,Positive,,Ashton,Ashton,1970-01-01,NA,NA,NA
BK172,ERS1142794,20427_3#14,VNI,VNIa,VNIa-4,NA,Clinical,Vietnam,Asia,Positive,,Ashton,Ashton,1970-01-01,NA,NA,NA
BK177,ERS542456,15277_3#18,VNI,VNIa,VNIa-4,NA,Clinical,Vietnam,Asia,Positive,,Ashton,Ashton,1970-01-01,NA,MAPQ-Low,yes
BK178,ERS1142797,20427_3#16,VNI,VNIa,VNIa-4,NA,Clinical,Vietnam,Asia,Positive,,Ashton,Ashton,1970-01-01,NA,NA,NA
BK224,ERS1142829,20427_3#36,VNI,VNIa,VNIa-4,NA,Clinical,Vietnam,Asia,Positive,,Ashton,Ashton,1970-01-01,NA,NA,NA
BK225,ERS1142830,20427_3#37,VNI,VNIa,VNIa-4,NA,Clinical,Vietnam,Asia,Positive,,Ashton,Ashton,1970-01-01,NA,NA,NA
BK23,ERS1142703,20427_2#12,VNI,VNIa,VNIa-4,NA,Clinical,Vietnam,Asia,Positive,,Ashton,Ashton,1970-01-01,NA,NA,NA
BK231,ERS1142834,20427_3#41,VNI,VNIa,VNIa-4,NA,Clinical,Vietnam,Asia,Positive,,Ashton,Ashton,1970-01-01,NA,NA,NA
BK232,ERS1142835,20949_2#31,VNI,VNIa,VNIa-4,NA,Clinical,Vietnam,Asia,Positive,,Ashton,Ashton,1970-01-01,NA,NA,NA
BK234,ERS1142837,20427_3#43,VNI,VNIa,VNIa-4,NA,Clinical,Vietnam,Asia,Positive,,Ashton,Ashton,1970-01-01,NA,NA,NA
BK235,ERS1142838,20427_3#44,VNI,VNIa,VNIa-4,NA,Clinical,Vietnam,Asia,Positive,,Ashton,Ashton,1970-01-01,NA,NA,NA
BK238,ERS1142841,20427_3#47,VNI,VNIa,VNIa-4,NA,Clinical,Vietnam,Asia,Positive,,Ashton,Ashton,1970-01-01,NA,NA,NA
BK239,ERS1142842,20427_3#48,VNI,VNIa,VNIa-4,NA,Clinical,Vietnam,Asia,Positive,,Ashton,Ashton,1970-01-01,NA,NA,NA
BK240,ERS1142843,20427_3#49,VNI,VNIa,VNIa-4,NA,Clinical,Vietnam,Asia,Positive,,Ashton,Ashton,1970-01-01,NA,NA,NA
BK244,ERS1142847,20427_3#53,VNI,VNIa,VNIa-4,NA,Clinical,Vietnam,Asia,Positive,,Ashton,Ashton,1970-01-01,NA,NA,NA
BK245,ERS542520,14893_1#34,VNI,VNIa,VNIa-4,NA,Clinical,Vietnam,Asia,Positive,,Ashton,Ashton,1970-01-01,NA,NA,NA
BK246,ERS1142848,20427_3#54,VNI,VNIa,VNIa-4,NA,Clinical,Vietnam,Asia,Positive,,Ashton,Ashton,1970-01-01,NA,NA,NA
BK247,ERS1142849,20427_3#55,VNI,VNIa,VNIa-4,NA,Clinical,Vietnam,Asia,Positive,,Ashton,Ashton,1970-01-01,NA,NA,NA
BK248,ERS1142850,20427_3#56,VNI,VNIa,VNIa-4,NA,Clinical,Vietnam,Asia,Positive,,Ashton,Ashton,1970-01-01,NA,NA,NA
BK250,ERS1142852,20427_3#58,VNI,VNIa,VNIa-4,NA,Clinical,Vietnam,Asia,Positive,,Ashton,Ashton,1970-01-01,NA,NA,NA
BK253,ERS1142854,20949_2#33,VNI,VNIa,VNIa-4,NA,Clinical,Vietnam,Asia,Positive,,Ashton,Ashton,1970-01-01,NA,NA,NA
BK254,ERS1142855,20949_2#34,VNI,VNIa,VNIa-4,NA,Clinical,Vietnam,Asia,Positive,,Ashton,Ashton,1970-01-01,NA,NA,NA
BK260,ERS1142861,20427_4#1,VNI,VNIa,VNIa-4,NA,Clinical,Vietnam,Asia,Positive,,Ashton,Ashton,1970-01-01,NA,NA,NA
BK220,ERS1142827,20427_3#35,VNI,VNIa,VNIa-4,NA,Clinical,Vietnam,Asia,Positive,,Ashton,Ashton,1970-01-01,NA,NA,NA
04CN-32-089,ERS2541027,04CN-32-089,VNI,VNIa,VNIa-4,NA,Clinical,Thailand,Asia,Positive,,Ashton,Ashton,1970-01-01,NA,NA,NA
BK219,ERS542498,14893_1#12,VNI,VNIa,VNIa-4,NA,Clinical,Vietnam,Asia,Positive,,Ashton,Ashton,1970-01-01,non_haploid,NA,yes
BK216,ERS1142826,20427_3#34,VNI,VNIa,VNIa-4,NA,Clinical,Vietnam,Asia,Positive,,Ashton,Ashton,1970-01-01,NA,NA,NA
BK18,ERS542325,14892_1#1,VNI,VNIa,VNIa-4,NA,Clinical,Vietnam,Asia,Positive,,Ashton,Ashton,1970-01-01,NA,NA,NA
BK180,ERS542459,14936_1#68,VNI,VNIa,VNIa-4,NA,Clinical,Vietnam,Asia,Positive,,Ashton,Ashton,1970-01-01,NA,NA,NA
BK182,ERS1142800,20427_3#18,VNI,VNIa,VNIa-4,NA,Clinical,Vietnam,Asia,Positive,,Ashton,Ashton,1970-01-01,NA,NA,NA
BK183,ERS1142801,20949_2#22,VNI,VNIa,VNIa-4,NA,Clinical,Vietnam,Asia,Positive,,Ashton,Ashton,1970-01-01,NA,NA,NA
BK188,ERS1142806,20427_3#20,VNI,VNIa,VNIa-4,NA,Clinical,Vietnam,Asia,Positive,,Ashton,Ashton,1970-01-01,NA,NA,NA
BK189,ERS542468,14936_1#77,VNI,VNIa,VNIa-4,NA,Clinical,Vietnam,Asia,Positive,,Ashton,Ashton,1970-01-01,NA,NA,NA
BK191,ERS542470,14936_1#79,VNI,VNIa,VNIa-4,NA,Clinical,Vietnam,Asia,Positive,,Ashton,Ashton,1970-01-01,NA,NA,NA
BK192,ERS542471,14936_1#80,VNI,VNIa,VNIa-4,NA,Clinical,Vietnam,Asia,Positive,,Ashton,Ashton,1970-01-01,NA,NA,NA
BK193,ERS1142808,20427_3#22,VNI,VNIa,VNIa-4,NA,Clinical,Vietnam,Asia,Positive,,Ashton,Ashton,1970-01-01,NA,NA,NA
BK198,ERS1142813,20949_2#27,VNI,VNIa,VNIa-4,NA,Clinical,Vietnam,Asia,Positive,,Ashton,Ashton,1970-01-01,NA,NA,NA
BK199,ERS1142814,20427_3#25,VNI,VNIa,VNIa-4,NA,Clinical,Vietnam,Asia,Positive,,Ashton,Ashton,1970-01-01,NA,NA,NA
BK2,ERS1142691,20949_2#2,VNI,VNIa,VNIa-4,NA,Clinical,Vietnam,Asia,Positive,,Ashton,Ashton,1970-01-01,NA,NA,NA
BK200,ERS1142815,20427_3#26,VNI,VNIa,VNIa-4,NA,Clinical,Vietnam,Asia,Positive,,Ashton,Ashton,1970-01-01,NA,NA,NA
BK202,ERS1142817,20427_3#28,VNI,VNIa,VNIa-4,NA,Clinical,Vietnam,Asia,Positive,,Ashton,Ashton,1970-01-01,NA,NA,NA
BK203,ERS1142818,20427_3#29,VNI,VNIa,VNIa-4,NA,Clinical,Vietnam,Asia,Positive,,Ashton,Ashton,1970-01-01,NA,NA,NA
BK204,ERS1142819,20427_3#30,VNI,VNIa,VNIa-4,NA,Clinical,Vietnam,Asia,Positive,,Ashton,Ashton,1970-01-01,NA,NA,NA
BK205,ERS542484,14936_1#93,VNI,VNIa,VNIa-4,NA,Clinical,Vietnam,Asia,Positive,,Ashton,Ashton,1970-01-01,NA,NA,NA
BK212,ERS1142823,20427_3#32,VNI,VNIa,VNIa-4,NA,Clinical,Vietnam,Asia,Positive,,Ashton,Ashton,1970-01-01,NA,NA,NA
BK215,ERS542494,14893_1#8,VNI,VNIa,VNIa-4,NA,Clinical,Vietnam,Asia,Positive,,Ashton,Ashton,1970-01-01,NA,NA,NA
BK218,ERS542497,14893_1#11,VNI,VNIa,VNIa-4,NA,Clinical,Vietnam,Asia,Positive,,Ashton,Ashton,1970-01-01,NA,NA,NA
04CN-32-086,ERS2541296,04CN-32-086,VNI,VNIa,VNIa-4,NA,Clinical,Thailand,Asia,Positive,,Ashton,Ashton,1970-01-01,NA,NA,NA
04CN-32-084,ERS2541295,04CN-32-084,VNI,VNIa,VNIa-4,NA,Clinical,Thailand,Asia,Positive,,Ashton,Ashton,1970-01-01,NA,NA,NA
04CN-32-083,ERS2541291,04CN-32-083,VNI,VNIa,VNIa-4,NA,Clinical,Thailand,Asia,Positive,,Ashton,Ashton,1970-01-01,non_haploid,NA,yes
04CN-03-002,ERS2541302,04CN-03-002,VNI,VNIa,VNIa-4,NA,Clinical,Vietnam,Asia,Positive,,Ashton,Ashton,1970-01-01,NA,NA,NA
04CN-03-003,ERS2541293,04CN-03-003,VNI,VNIa,VNIa-4,NA,Clinical,Vietnam,Asia,Positive,,Ashton,Ashton,1970-01-01,NA,NA,NA
04CN-03-004,ERS2541301,04CN-03-004,VNI,VNIa,VNIa-4,NA,Clinical,Vietnam,Asia,Positive,,Ashton,Ashton,1970-01-01,NA,NA,NA
04CN-03-006,ERS2541292,04CN-03-006,VNI,VNIa,VNIa-4,NA,Clinical,Vietnam,Asia,Positive,,Ashton,Ashton,1970-01-01,NA,NA,NA
04CN-03-008,ERS2540976,04CN-03-008,VNI,VNIa,VNIa-4,NA,Clinical,Vietnam,Asia,Positive,,Ashton,Ashton,1970-01-01,NA,NA,NA
04CN-03-011,ERS2541116,04CN-03-011,VNI,VNIa,VNIa-4,NA,Clinical,Vietnam,Asia,Positive,,Ashton,Ashton,1970-01-01,NA,NA,NA
04CN-03-013,ERS2541099,04CN-03-013,VNI,VNIa,VNIa-4,NA,Clinical,Vietnam,Asia,Positive,,Ashton,Ashton,1970-01-01,NA,NA,NA
04CN-03-015,ERS2541157,04CN-03-015,VNI,VNIa,VNIa-4,NA,Clinical,Vietnam,Asia,Positive,,Ashton,Ashton,1970-01-01,NA,NA,NA
04CN-03-017,ERS2541283,04CN-03-017,VNI,VNIa,VNIa-4,NA,Clinical,Vietnam,Asia,Positive,,Ashton,Ashton,1970-01-01,NA,NA,NA
04CN-03-028,ERS2541171,04CN-03-028,VNI,VNIa,VNIa-4,NA,Clinical,Vietnam,Asia,Positive,,Ashton,Ashton,1970-01-01,NA,NA,NA
04CN-03-032,ERS2541098,04CN-03-032,VNI,VNIa,VNIa-4,NA,Clinical,Vietnam,Asia,Positive,,Ashton,Ashton,1970-01-01,NA,NA,NA
04CN-03-037,ERS2541244,04CN-03-037,VNI,VNIa,VNIa-4,NA,Clinical,Vietnam,Asia,Positive,,Ashton,Ashton,1970-01-01,NA,NA,NA
04CN-03-040,ERS2541275,04CN-03-040,VNI,VNIa,VNIa-4,NA,Clinical,Vietnam,Asia,Positive,,Ashton,Ashton,1970-01-01,NA,NA,NA
04CN-03-046,ERS2541216,04CN-03-046,VNI,VNIa,VNIa-4,NA,Clinical,Vietnam,Asia,Positive,,Ashton,Ashton,1970-01-01,NA,NA,NA
04CN-03-052,ERS2541267,04CN-03-052,VNI,VNIa,VNIa-4,NA,Clinical,Vietnam,Asia,Positive,,Ashton,Ashton,1970-01-01,NA,NA,NA
04CN-03-056,ERS2541117,04CN-03-056,VNI,VNIa,VNIa-4,NA,Clinical,Vietnam,Asia,Positive,,Ashton,Ashton,1970-01-01,NA,NA,NA
04CN-03-059,ERS2541259,04CN-03-059,VNI,VNIa,VNIa-4,NA,Clinical,Vietnam,Asia,Positive,,Ashton,Ashton,1970-01-01,NA,NA,NA
04CN-03-061,ERS2541148,04CN-03-061,VNI,VNIa,VNIa-4,NA,Clinical,Vietnam,Asia,Positive,,Ashton,Ashton,1970-01-01,NA,NA,NA
04CN-03-064,ERS2541225,04CN-03-064,VNI,VNIa,VNIa-4,NA,Clinical,Vietnam,Asia,Positive,,Ashton,Ashton,1970-01-01,NA,NA,NA
BMD942,ERS2541105,BMD942,VNI,VNIa,VNIa-32,NA,Clinical,Vietnam,Asia,Negative,,Ashton,Ashton,,NA,NA,NA
04CN-03-067,ERS2541204,04CN-03-067,VNI,VNIa,VNIa-4,NA,Clinical,Vietnam,Asia,Positive,,Ashton,Ashton,1970-01-01,NA,NA,NA
BMD915,ERS2541156,BMD915,VNI,VNIa,VNIa-32,NA,Clinical,Vietnam,Asia,Negative,,Ashton,Ashton,,NA,NA,NA
BMD2216,ERS2541192,BMD2216,VNI,VNIa,VNIa-32,NA,Clinical,Vietnam,Asia,Negative,,Ashton,Ashton,1970-01-01,NA,NA,NA
04CN-63-019,ERS2540955,04CN-63-019,VNI,VNIa,VNIa-32,NA,Clinical,Malawi,Africa,Positive,,Ashton,Ashton,1970-01-01,NA,NA,NA
04CN-63-036,ERS2541305,04CN-63-036,VNI,VNIa,VNIa-32,NA,Clinical,Malawi,Africa,Positive,,Ashton,Ashton,1970-01-01,NA,NA,NA
04CN-64-065,ERS2540972,04CN-64-065,VNI,VNIa,VNIa-32,NA,Clinical,Uganda,Africa,Positive,,Ashton,Ashton,1970-01-01,NA,NA,NA
04CN-65-072,ERS2540945,04CN-65-072,VNI,VNIa,VNIa-32,NA,Clinical,Uganda,Africa,Positive,,Ashton,Ashton,1970-01-01,NA,NA,NA
04CN-65-161,ERS2541049,04CN-65-161,VNI,VNIa,VNIa-32,NA,Clinical,Uganda,Africa,Positive,,Ashton,Ashton,,NA,NA,NA
BK101,ERS542396,14936_1#5,VNI,VNIa,VNIa-32,NA,Clinical,Vietnam,Asia,Positive,,Ashton,Ashton,1970-01-01,NA,NA,NA
BK11,ERS1142696,20427_2#5,VNI,VNIa,VNIa-32,NA,Clinical,Vietnam,Asia,Positive,,Ashton,Ashton,1970-01-01,NA,NA,NA
BK145,ERS1142780,20949_2#16,VNI,VNIa,VNIa-32,NA,Clinical,Vietnam,Asia,Positive,,Ashton,Ashton,1970-01-01,NA,NA,NA
BK167,ERS542448,14936_1#57,VNI,VNIa,VNIa-32,NA,Clinical,Vietnam,Asia,Positive,,Ashton,Ashton,1970-01-01,NA,NA,NA
BK17,ERS542317,14892_1#22,VNI,VNIa,VNIa-32,NA,Clinical,Vietnam,Asia,Positive,,Ashton,Ashton,1970-01-01,NA,NA,NA
BK19,ERS1142700,20427_2#9,VNI,VNIa,VNIa-32,NA,Clinical,Vietnam,Asia,Positive,,Ashton,Ashton,1970-01-01,NA,NA,NA
BK209,ERS542488,14893_1#2,VNI,VNIa,VNIa-32,NA,Clinical,Vietnam,Asia,Positive,,Ashton,Ashton,1970-01-01,NA,NA,NA
BK27,ERS542302,14892_1#7,VNI,VNIa,VNIa-32,NA,Clinical,Vietnam,Asia,Positive,,Ashton,Ashton,1970-01-01,NA,NA,NA
BK36,ERS542374,14892_1#78,VNI,VNIa,VNIa-32,NA,Clinical,Vietnam,Asia,Positive,,Ashton,Ashton,1970-01-01,NA,NA,NA
BK46,ERS1142714,20427_2#20,VNI,VNIa,VNIa-32,NA,Clinical,Vietnam,Asia,Positive,,Ashton,Ashton,1970-01-01,NA,NA,NA
BK66,ERS1142727,20427_2#32,VNI,VNIa,VNIa-32,NA,Clinical,Vietnam,Asia,Positive,,Ashton,Ashton,1970-01-01,NA,NA,NA
BK68,ERS1142728,20427_2#33,VNI,VNIa,VNIa-32,NA,Clinical,Vietnam,Asia,Positive,,Ashton,Ashton,1970-01-01,NA,NA,NA
BK81,ERS1142739,20427_2#42,VNI,VNIa,VNIa-32,NA,Clinical,Vietnam,Asia,Positive,,Ashton,Ashton,1970-01-01,NA,NA,NA
BK92,ERS1142749,20427_2#52,VNI,VNIa,VNIa-32,NA,Clinical,Vietnam,Asia,Positive,,Ashton,Ashton,1970-01-01,NA,NA,NA
BMD2801,ERS2541198,BMD2801,VNI,VNIa,VNIa-32,NA,Clinical,Vietnam,Asia,Negative,,Ashton,Ashton,1970-01-01,NA,NA,NA
BK261,ERS542536,14893_1#48,VNI,VNIa,VNIa-4,NA,Clinical,Vietnam,Asia,Positive,,Ashton,Ashton,1970-01-01,NA,NA,NA
04CN-03-068,ERS2541094,04CN-03-068,VNI,VNIa,VNIa-4,NA,Clinical,Vietnam,Asia,Positive,,Ashton,Ashton,1970-01-01,NA,NA,NA
04CN-03-078,ERS2541266,04CN-03-078,VNI,VNIa,VNIa-4,NA,Clinical,Vietnam,Asia,Positive,,Ashton,Ashton,1970-01-01,NA,NA,NA
04CN-20-004,ERS2541280,04CN-20-004,VNI,VNIa,VNIa-4,NA,Clinical,Vietnam,Asia,Positive,,Ashton,Ashton,1970-01-01,NA,NA,NA
04CN-30-001,ERS2541222,04CN-30-001,VNI,VNIa,VNIa-4,NA,Clinical,Laos,Asia,Positive,,Ashton,Ashton,1970-01-01,NA,NA,NA
04CN-30-002,ERS2541332,04CN-30-002,VNI,VNIa,VNIa-4,NA,Clinical,Laos,Asia,Positive,,Ashton,Ashton,1970-01-01,NA,NA,NA
04CN-30-008,ERS2541107,04CN-30-008,VNI,VNIa,VNIa-4,NA,Clinical,Laos,Asia,Positive,,Ashton,Ashton,1970-01-01,NA,NA,NA
04CN-32-001,ERS2541060,04CN-32-001,VNI,VNIa,VNIa-4,NA,Clinical,Thailand,Asia,Positive,,Ashton,Ashton,1970-01-01,NA,NA,NA
04CN-32-004,ERS2541016,04CN-32-004,VNI,VNIa,VNIa-4,NA,Clinical,Thailand,Asia,Positive,,Ashton,Ashton,1970-01-01,NA,NA,NA
04CN-32-005,ERS2541307,04CN-32-005,VNI,VNIa,VNIa-4,NA,Clinical,Thailand,Asia,Positive,,Ashton,Ashton,1970-01-01,NA,NA,NA
04CN-32-011,ERS2541312,04CN-32-011,VNI,VNIa,VNIa-4,NA,Clinical,Thailand,Asia,Positive,,Ashton,Ashton,1970-01-01,non_haploid,NA,yes
04CN-32-019,ERS2540948,04CN-32-019,VNI,VNIa,VNIa-4,NA,Clinical,Thailand,Asia,Positive,,Ashton,Ashton,1970-01-01,NA,NA,NA
04CN-32-020,ERS2540967,04CN-32-020,VNI,VNIa,VNIa-4,NA,Clinical,Thailand,Asia,Positive,,Ashton,Ashton,1970-01-01,NA,NA,NA
04CN-32-025,ERS2541314,04CN-32-025,VNI,VNIa,VNIa-4,NA,Clinical,Thailand,Asia,Positive,,Ashton,Ashton,1970-01-01,NA,NA,NA
04CN-32-031,ERS2540937,04CN-32-031,VNI,VNIa,VNIa-4,NA,Clinical,Thailand,Asia,Positive,,Ashton,Ashton,1970-01-01,NA,NA,NA
04CN-32-040,ERS2540954,04CN-32-040,VNI,VNIa,VNIa-4,NA,Clinical,Thailand,Asia,Positive,,Ashton,Ashton,1970-01-01,NA,NA,NA
04CN-32-043,ERS2541300,04CN-32-043,VNI,VNIa,VNIa-4,NA,Clinical,Thailand,Asia,Positive,,Ashton,Ashton,1970-01-01,NA,NA,NA
04CN-32-044B,ERS2541272,04CN-32-044B,VNI,VNIa,VNIa-4,NA,Clinical,Thailand,Asia,Positive,,Ashton,Ashton,,NA,NA,NA
04CN-32-059,ERS2541294,04CN-32-059,VNI,VNIa,VNIa-4,NA,Clinical,Thailand,Asia,Positive,,Ashton,Ashton,1970-01-01,NA,NA,NA
04CN-32-067,ERS2541299,04CN-32-067,VNI,VNIa,VNIa-4,NA,Clinical,Thailand,Asia,Positive,,Ashton,Ashton,1970-01-01,NA,NA,NA
04CN-32-071,ERS2541298,04CN-32-071,VNI,VNIa,VNIa-4,NA,Clinical,Thailand,Asia,Positive,,Ashton,Ashton,1970-01-01,NA,NA,NA
04CN-32-074,ERS2541297,04CN-32-074,VNI,VNIa,VNIa-4,NA,Clinical,Thailand,Asia,Positive,,Ashton,Ashton,1970-01-01,NA,NA,NA
04CN-11-019,ERS2541221,04CN-11-019,VNI,VNIa,VNIa-4,NA,Clinical,Vietnam,Asia,Positive,,Ashton,Ashton,1970-01-01,NA,NA,NA
04CN-03-075,ERS2541288,04CN-03-075,VNI,VNIa,VNIa-4,NA,Clinical,Vietnam,Asia,Positive,,Ashton,Ashton,1970-01-01,NA,NA,NA
04CN-11-018,ERS2541241,04CN-11-018,VNI,VNIa,VNIa-4,NA,Clinical,Vietnam,Asia,Positive,,Ashton,Ashton,1970-01-01,NA,NA,NA
04CN-11-014,ERS2541135,04CN-11-014,VNI,VNIa,VNIa-4,NA,Clinical,Vietnam,Asia,Positive,,Ashton,Ashton,1970-01-01,NA,NA,NA
04CN-03-082,ERS2541146,04CN-03-082,VNI,VNIa,VNIa-4,NA,Clinical,Vietnam,Asia,Positive,,Ashton,Ashton,1970-01-01,NA,NA,NA
04CN-03-084,ERS2541180,04CN-03-084,VNI,VNIa,VNIa-4,NA,Clinical,Vietnam,Asia,Positive,,Ashton,Ashton,1970-01-01,NA,NA,NA
04CN-03-085,ERS2541190,04CN-03-085,VNI,VNIa,VNIa-4,NA,Clinical,Vietnam,Asia,Positive,,Ashton,Ashton,1970-01-01,NA,NA,NA
04CN-03-086,ERS2541120,04CN-03-086,VNI,VNIa,VNIa-4,NA,Clinical,Vietnam,Asia,Positive,,Ashton,Ashton,1970-01-01,NA,NA,NA
04CN-03-087,ERS2541093,04CN-03-087,VNI,VNIa,VNIa-4,NA,Clinical,Vietnam,Asia,Positive,,Ashton,Ashton,1970-01-01,NA,NA,NA
04CN-03-092,ERS2541250,04CN-03-092,VNI,VNIa,VNIa-4,NA,Clinical,Vietnam,Asia,Positive,,Ashton,Ashton,1970-01-01,NA,NA,NA
04CN-03-093,ERS2541248,04CN-03-093,VNI,VNIa,VNIa-4,NA,Clinical,Vietnam,Asia,Positive,,Ashton,Ashton,1970-01-01,NA,NA,NA
04CN-03-095,ERS2541104,04CN-03-095,VNI,VNIa,VNIa-4,NA,Clinical,Vietnam,Asia,Positive,,Ashton,Ashton,1970-01-01,NA,NA,NA
04CN-03-098,ERS2541177,04CN-03-098,VNI,VNIa,VNIa-4,NA,Clinical,Vietnam,Asia,Positive,,Ashton,Ashton,1970-01-01,NA,NA,NA
04CN-03-100,ERS2541160,04CN-03-100,VNI,VNIa,VNIa-4,NA,Clinical,Vietnam,Asia,Positive,,Ashton,Ashton,1970-01-01,NA,NA,NA
04CN-11-001,ERS2541289,04CN-11-001,VNI,VNIa,VNIa-4,NA,Clinical,Vietnam,Asia,Positive,,Ashton,Ashton,1970-01-01,NA,NA,NA
04CN-11-003,ERS2541268,04CN-11-003,VNI,VNIa,VNIa-4,NA,Clinical,Vietnam,Asia,Positive,,Ashton,Ashton,1970-01-01,NA,NA,NA
04CN-11-005,ERS2541108,04CN-11-005,VNI,VNIa,VNIa-4,NA,Clinical,Vietnam,Asia,Positive,,Ashton,Ashton,1970-01-01,NA,NA,NA
04CN-11-006,ERS2541213,04CN-11-006,VNI,VNIa,VNIa-4,NA,Clinical,Vietnam,Asia,Positive,,Ashton,Ashton,1970-01-01,NA,NA,NA
04CN-11-007,ERS2541163,04CN-11-007,VNI,VNIa,VNIa-4,NA,Clinical,Vietnam,Asia,Positive,,Ashton,Ashton,1970-01-01,NA,NA,NA
04CN-11-008,ERS2541186,04CN-11-008,VNI,VNIa,VNIa-4,NA,Clinical,Vietnam,Asia,Positive,,Ashton,Ashton,1970-01-01,NA,NA,NA
04CN-11-010,ERS2541219,04CN-11-010,VNI,VNIa,VNIa-4,NA,Clinical,Vietnam,Asia,Positive,,Ashton,Ashton,1970-01-01,NA,NA,NA
04CN-11-011,ERS2541286,04CN-11-011,VNI,VNIa,VNIa-4,NA,Clinical,Vietnam,Asia,Positive,,Ashton,Ashton,1970-01-01,NA,NA,NA
04CN-11-012,ERS2541141,04CN-11-012,VNI,VNIa,VNIa-4,NA,Clinical,Vietnam,Asia,Positive,,Ashton,Ashton,1970-01-01,NA,NA,NA
04CN-11-015,ERS2541166,04CN-11-015,VNI,VNIa,VNIa-4,NA,Clinical,Vietnam,Asia,Positive,,Ashton,Ashton,1970-01-01,NA,NA,NA
BK263,ERS1142862,20427_4#2,VNI,VNIa,VNIa-4,NA,Clinical,Vietnam,Asia,Positive,,Ashton,Ashton,1970-01-01,NA,NA,NA
BK109,ERS1142760,20427_2#63,VNI,VNIa,VNIa-4,NA,Clinical,Vietnam,Asia,Positive,,Ashton,Ashton,1970-01-01,NA,NA,NA
BK265,ERS542540,14893_1#52,VNI,VNIa,VNIa-4,NA,Clinical,Vietnam,Asia,Positive,,Ashton,Ashton,1970-01-01,NA,NA,NA
HC_ST_2296,ERS2541351,HC_ST_2296,VNI,VNIa,VNIa-4,NA,Clinical,Laos,Asia,Positive,,Ashton,Ashton,1970-01-01,NA,NA,NA
HC_ST_352,ERS2541350,HC_ST_352,VNI,VNIa,VNIa-4,NA,Clinical,Laos,Asia,Positive,,Ashton,Ashton,1970-01-01,NA,NA,NA
LD1,ERS1142900,20949_2#59,VNI,VNIa,VNIa-4,NA,Environmental,Vietnam,Asia,,,Ashton,Ashton,,NA,NA,NA
UI_11199,ERS2541349,UI_11199,VNI,VNIa,VNIa-4,NA,Clinical,Laos,Asia,Positive,,Ashton,Ashton,1970-01-01,NA,NA,NA
UI_12808,ERS2541348,UI_12808,VNI,VNIa,VNIa-4,NA,Clinical,Laos,Asia,Negative,,Ashton,Ashton,1970-01-01,NA,NA,NA
UI_14167,ERS2541347,UI_14167,VNI,VNIa,VNIa-4,NA,Clinical,Laos,Asia,Positive,,Ashton,Ashton,1970-01-01,NA,NA,NA
UI_14344,ERS2541346,UI_14344,VNI,VNIa,VNIa-4,NA,Clinical,Laos,Asia,Positive,,Ashton,Ashton,1970-01-01,NA,NA,NA
UI_16721,ERS2541345,UI_16721,VNI,VNIa,VNIa-4,NA,Clinical,Laos,Asia,Negative,,Ashton,Ashton,1970-01-01,NA,NA,NA
CNS_ST_1930,ERS2541352,CNS_ST_1930,VNI,VNIa,VNIa-4,NA,Clinical,Laos,Asia,Positive,,Ashton,Ashton,1970-01-01,NA,NA,NA
UI_16771,ERS2541344,UI_16771,VNI,VNIa,VNIa-4,NA,Clinical,Laos,Asia,Negative,,Ashton,Ashton,1970-01-01,NA,NA,NA
UI_31647-2,ERS2541342,UI_31647-2,VNI,VNIa,VNIa-4,NA,Clinical,Laos,Asia,Positive,,Ashton,Ashton,,NA,NA,NA
UI29674,ERS2541318,UI29674,VNI,VNIa,VNIa-4,NA,Clinical,Laos,Asia,Positive,,Ashton,Ashton,,NA,NA,NA
UI32312,ERS2541323,UI32312,VNI,VNIa,VNIa-4,NA,Clinical,Laos,Asia,Positive,,Ashton,Ashton,,NA,NA,NA
04CN-03-001,ERS2541303,04CN-03-001,VNI,VNIa,VNIa-5,NA,Clinical,Vietnam,Asia,Positive,,Ashton,Ashton,1970-01-01,NA,NA,NA
04CN-03-009,ERS2541326,04CN-03-009,VNI,VNIa,VNIa-5,NA,Clinical,Vietnam,Asia,Positive,,Ashton,Ashton,1970-01-01,NA,NA,NA
04CN-03-012,ERS2541111,04CN-03-012,VNI,VNIa,VNIa-5,NA,Clinical,Vietnam,Asia,Positive,,Ashton,Ashton,1970-01-01,NA,NA,NA
04CN-03-014,ERS2541088,04CN-03-014,VNI,VNIa,VNIa-5,NA,Clinical,Vietnam,Asia,Positive,,Ashton,Ashton,1970-01-01,NA,NA,NA
04CN-03-016,ERS2541249,04CN-03-016,VNI,VNIa,VNIa-5,NA,Clinical,Vietnam,Asia,Positive,,Ashton,Ashton,1970-01-01,NA,NA,NA
UI_21616,ERS2541343,UI_21616,VNI,VNIa,VNIa-4,NA,Clinical,Laos,Asia,Positive,,Ashton,Ashton,1970-01-01,NA,NA,NA
CNS_FS_4256,ERS2541353,CNS_FS_4256,VNI,VNIa,VNIa-4,NA,Clinical,Laos,Asia,Negative,,Ashton,Ashton,1970-01-01,NA,NA,NA
CNS_FS_1931,ERS2541354,CNS_FS_1931,VNI,VNIa,VNIa-4,NA,Clinical,Laos,Asia,Positive,,Ashton,Ashton,1970-01-01,NA,NA,NA
CNS_999,ERS2541355,CNS_999,VNI,VNIa,VNIa-4,NA,Clinical,Laos,Asia,Positive,,Ashton,Ashton,1970-01-01,NA,NA,NA
CNS_199,ERS2541378,CNS_199,VNI,VNIa,VNIa-4,NA,Clinical,Laos,Asia,Positive,,Ashton,Ashton,1970-01-01,NA,NA,NA
CNS_245,ERS2541377,CNS_245,VNI,VNIa,VNIa-4,NA,Clinical,Laos,Asia,Positive,,Ashton,Ashton,1970-01-01,NA,NA,NA
CNS_289,ERS2541376,CNS_289,VNI,VNIa,VNIa-4,NA,Clinical,Laos,Asia,Positive,,Ashton,Ashton,1970-01-01,NA,NA,NA
CNS_430,ERS2541375,CNS_430,VNI,VNIa,VNIa-4,NA,Clinical,Laos,Asia,Positive,,Ashton,Ashton,1970-01-01,NA,NA,NA
CNS_445,ERS2541374,CNS_445,VNI,VNIa,VNIa-4,NA,Clinical,Laos,Asia,Positive,,Ashton,Ashton,1970-01-01,NA,NA,NA
CNS_447,ERS2541373,CNS_447,VNI,VNIa,VNIa-4,NA,Clinical,Laos,Asia,Positive,,Ashton,Ashton,1970-01-01,NA,NA,NA
CNS_456,ERS2541372,CNS_456,VNI,VNIa,VNIa-4,NA,Clinical,Laos,Asia,Negative,,Ashton,Ashton,1970-01-01,NA,NA,NA
CNS_569,ERS2541369,CNS_569,VNI,VNIa,VNIa-4,NA,Clinical,Laos,Asia,Negative,,Ashton,Ashton,1970-01-01,NA,NA,NA
CNS_595,ERS2541368,CNS_595,VNI,VNIa,VNIa-4,NA,Clinical,Laos,Asia,Positive,,Ashton,Ashton,1970-01-01,NA,NA,NA
CNS_625,ERS2541367,CNS_625,VNI,VNIa,VNIa-4,NA,Clinical,Laos,Asia,Positive,,Ashton,Ashton,1970-01-01,NA,NA,NA
CNS_626,ERS2541366,CNS_626,VNI,VNIa,VNIa-4,NA,Clinical,Laos,Asia,Positive,,Ashton,Ashton,1970-01-01,NA,NA,NA
CNS_681,ERS2541365,CNS_681,VNI,VNIa,VNIa-4,NA,Clinical,Laos,Asia,Positive,,Ashton,Ashton,1970-01-01,NA,NA,NA
CNS_806,ERS2541364,CNS_806,VNI,VNIa,VNIa-4,NA,Clinical,Laos,Asia,Positive,,Ashton,Ashton,1970-01-01,NA,NA,NA
CNS_814,ERS2541362,CNS_814,VNI,VNIa,VNIa-4,NA,Clinical,Laos,Asia,Positive,,Ashton,Ashton,1970-01-01,NA,NA,NA
CNS_863,ERS2541361,CNS_863,VNI,VNIa,VNIa-4,NA,Clinical,Laos,Asia,Positive,,Ashton,Ashton,1970-01-01,NA,NA,NA
CNS_897,ERS2541360,CNS_897,VNI,VNIa,VNIa-4,NA,Clinical,Laos,Asia,Positive,,Ashton,Ashton,1970-01-01,NA,NA,NA
CNS_929,ERS2541359,CNS_929,VNI,VNIa,VNIa-4,NA,Clinical,Laos,Asia,Positive,,Ashton,Ashton,1970-01-01,NA,NA,NA
CNS_955,ERS2541357,CNS_955,VNI,VNIa,VNIa-4,NA,Clinical,Laos,Asia,Positive,,Ashton,Ashton,1970-01-01,NA,NA,NA
CNS_978,ERS2541356,CNS_978,VNI,VNIa,VNIa-4,NA,Clinical,Laos,Asia,Positive,,Ashton,Ashton,1970-01-01,NA,NA,NA
04CN-03-020,ERS2541164,04CN-03-020,VNI,VNIa,VNIa-5,NA,Clinical,Vietnam,Asia,Positive,,Ashton,Ashton,1970-01-01,NA,NA,NA
04CN-03-021,ERS2541154,04CN-03-021,VNI,VNIa,VNIa-5,NA,Clinical,Vietnam,Asia,Positive,,Ashton,Ashton,1970-01-01,non_haploid,NA,yes
04CN-03-022,ERS2541334,04CN-03-022,VNI,VNIa,VNIa-5,NA,Clinical,Vietnam,Asia,Positive,,Ashton,Ashton,1970-01-01,NA,NA,NA
04CN-03-024,ERS2541115,04CN-03-024,VNI,VNIa,VNIa-5,NA,Clinical,Vietnam,Asia,Positive,,Ashton,Ashton,1970-01-01,NA,NA,NA
04CN-30-016,ERS2541167,04CN-30-016,VNI,VNIa,VNIa-5,NA,Clinical,Laos,Asia,Positive,,Ashton,Ashton,1970-01-01,NA,NA,NA
04CN-30-019,ERS2541172,04CN-30-019,VNI,VNIa,VNIa-5,NA,Clinical,Laos,Asia,Positive,,Ashton,Ashton,1970-01-01,NA,NA,NA
04CN-32-042,ERS2541319,04CN-32-042,VNI,VNIa,VNIa-5,NA,Clinical,Thailand,Asia,Positive,,Ashton,Ashton,1970-01-01,NA,NA,NA
04CN-32-053,ERS2541290,04CN-32-053,VNI,VNIa,VNIa-5,NA,Clinical,Thailand,Asia,Positive,,Ashton,Ashton,1970-01-01,NA,NA,NA
04CN-33-068,ERS2540949,04CN-33-068,VNI,VNIa,VNIa-5,NA,Clinical,Thailand,Asia,Positive,,Ashton,Ashton,1970-01-01,NA,NA,NA
04CN-33-094,ERS2540957,04CN-33-094,VNI,VNIa,VNIa-5,NA,Clinical,Thailand,Asia,Positive,,Ashton,Ashton,1970-01-01,NA,NA,NA
04CN-63-002,ERS2541054,04CN-63-002,VNI,VNIa,VNIa-5,NA,Clinical,Malawi,Africa,Positive,,Ashton,Ashton,1970-01-01,NA,NA,NA
04CN-63-008,ERS2540970,04CN-63-008,VNI,VNIa,VNIa-5,NA,Clinical,Malawi,Africa,Positive,,Ashton,Ashton,1970-01-01,NA,NA,NA
04CN-63-033,ERS2540974,04CN-63-033,VNI,VNIa,VNIa-5,NA,Clinical,Malawi,Africa,Positive,,Ashton,Ashton,1970-01-01,NA,NA,NA
04CN-64-002,ERS2541037,04CN-64-002,VNI,VNIa,VNIa-5,NA,Clinical,Uganda,Africa,Positive,,Ashton,Ashton,1970-01-01,NA,NA,NA
04CN-64-014,ERS2540993,04CN-64-014,VNI,VNIa,VNIa-5,NA,Clinical,Uganda,Africa,Positive,,Ashton,Ashton,1970-01-01,NA,NA,NA
04CN-64-037,ERS2540999,04CN-64-037,VNI,VNIa,VNIa-5,NA,Clinical,Uganda,Africa,Positive,,Ashton,Ashton,1970-01-01,NA,NA,NA
04CN-64-090,ERS2541317,04CN-64-090,VNI,VNIa,VNIa-5,NA,Clinical,Uganda,Africa,Positive,,Ashton,Ashton,1970-01-01,NA,NA,NA
04CN-64-136,ERS2541032,04CN-64-136,VNI,VNIa,VNIa-5,NA,Clinical,Uganda,Africa,Positive,,Ashton,Ashton,1970-01-01,NA,NA,NA
04CN-65-013,ERS2540963,04CN-65-013,VNI,VNIa,VNIa-5,NA,Clinical,Uganda,Africa,Positive,,Ashton,Ashton,1970-01-01,NA,NA,NA
04CN-65-018,ERS2541069,04CN-65-018,VNI,VNIa,VNIa-5,NA,Clinical,Uganda,Africa,Positive,,Ashton,Ashton,1970-01-01,NA,NA,NA
04CN-65-056,ERS2541304,04CN-65-056,VNI,VNIa,VNIa-5,NA,Clinical,Uganda,Africa,Positive,,Ashton,Ashton,,NA,NA,NA
BK102,ERS542397,14936_1#6,VNI,VNIa,VNIa-5,NA,Clinical,Vietnam,Asia,Positive,,Ashton,Ashton,1970-01-01,non_haploid,NA,yes
BK105,ERS542398,14936_1#7,VNI,VNIa,VNIa-5,NA,Clinical,Vietnam,Asia,Positive,,Ashton,Ashton,1970-01-01,NA,NA,NA
04CN-20-006,ERS2541182,04CN-20-006,VNI,VNIa,VNIa-5,NA,Clinical,Vietnam,Asia,Positive,,Ashton,Ashton,1970-01-01,NA,NA,NA
CNS_198,ERS2541379,CNS_198,VNI,VNIa,VNIa-4,NA,Clinical,Laos,Asia,Positive,,Ashton,Ashton,1970-01-01,NA,NA,NA
04CN-11-022,ERS2541215,04CN-11-022,VNI,VNIa,VNIa-5,NA,Clinical,Vietnam,Asia,Positive,,Ashton,Ashton,1970-01-01,NA,NA,NA
04CN-11-020,ERS2541124,04CN-11-020,VNI,VNIa,VNIa-5,NA,Clinical,Vietnam,Asia,Positive,,Ashton,Ashton,1970-01-01,NA,NA,NA
04CN-03-039,ERS2541212,04CN-03-039,VNI,VNIa,VNIa-5,NA,Clinical,Vietnam,Asia,Positive,,Ashton,Ashton,1970-01-01,NA,NA,NA
04CN-03-047,ERS2541331,04CN-03-047,VNI,VNIa,VNIa-5,NA,Clinical,Vietnam,Asia,Positive,,Ashton,Ashton,1970-01-01,NA,NA,NA
04CN-03-051,ERS2541178,04CN-03-051,VNI,VNIa,VNIa-5,NA,Clinical,Vietnam,Asia,Positive,,Ashton,Ashton,1970-01-01,NA,NA,NA
04CN-03-053,ERS2541138,04CN-03-053,VNI,VNIa,VNIa-5,NA,Clinical,Vietnam,Asia,Positive,,Ashton,Ashton,1970-01-01,non_haploid,NA,yes
04CN-03-058,ERS2541150,04CN-03-058,VNI,VNIa,VNIa-5,NA,Clinical,Vietnam,Asia,Positive,,Ashton,Ashton,1970-01-01,NA,NA,NA
04CN-03-063,ERS2541234,04CN-03-063,VNI,VNIa,VNIa-5,NA,Clinical,Vietnam,Asia,Positive,,Ashton,Ashton,1970-01-01,NA,NA,NA
04CN-03-069,ERS2541229,04CN-03-069,VNI,VNIa,VNIa-5,NA,Clinical,Vietnam,Asia,Positive,,Ashton,Ashton,1970-01-01,NA,NA,NA
04CN-03-073,ERS2541211,04CN-03-073,VNI,VNIa,VNIa-5,NA,Clinical,Vietnam,Asia,Positive,,Ashton,Ashton,1970-01-01,NA,NA,NA
04CN-03-076,ERS2541194,04CN-03-076,VNI,VNIa,VNIa-5,NA,Clinical,Vietnam,Asia,Positive,,Ashton,Ashton,1970-01-01,NA,NA,NA
BK264,ERS542539,14893_1#51,VNI,VNIa,VNIa-4,NA,Clinical,Vietnam,Asia,Positive,,Ashton,Ashton,1970-01-01,NA,NA,NA
04CN-03-081,ERS2541251,04CN-03-081,VNI,VNIa,VNIa-5,NA,Clinical,Vietnam,Asia,Positive,,Ashton,Ashton,1970-01-01,NA,NA,NA
04CN-03-089,ERS2541142,04CN-03-089,VNI,VNIa,VNIa-5,NA,Clinical,Vietnam,Asia,Positive,,Ashton,Ashton,1970-01-01,NA,NA,NA
04CN-03-090,ERS2541205,04CN-03-090,VNI,VNIa,VNIa-5,NA,Clinical,Vietnam,Asia,Positive,,Ashton,Ashton,1970-01-01,NA,NA,NA
04CN-03-091,ERS2541085,04CN-03-091,VNI,VNIa,VNIa-5,NA,Clinical,Vietnam,Asia,Positive,,Ashton,Ashton,1970-01-01,NA,NA,NA
04CN-03-094,ERS2541271,04CN-03-094,VNI,VNIa,VNIa-5,NA,Clinical,Vietnam,Asia,Positive,,Ashton,Ashton,1970-01-01,NA,NA,NA
04CN-03-099,ERS2541232,04CN-03-099,VNI,VNIa,VNIa-5,NA,Clinical,Vietnam,Asia,Positive,,Ashton,Ashton,1970-01-01,NA,NA,NA
04CN-03-102,ERS2541084,04CN-03-102,VNI,VNIa,VNIa-5,NA,Clinical,Vietnam,Asia,Positive,,Ashton,Ashton,1970-01-01,NA,NA,NA
04CN-11-004,ERS2541236,04CN-11-004,VNI,VNIa,VNIa-5,NA,Clinical,Vietnam,Asia,Positive,,Ashton,Ashton,1970-01-01,NA,NA,NA
04CN-11-009,ERS2541238,04CN-11-009,VNI,VNIa,VNIa-5,NA,Clinical,Vietnam,Asia,Positive,,Ashton,Ashton,1970-01-01,NA,NA,NA
04CN-11-021,ERS2541083,04CN-11-021,VNI,VNIa,VNIa-5,NA,Clinical,Vietnam,Asia,Positive,,Ashton,Ashton,1970-01-01,NA,NA,NA
CNS_1589,ERS2541380,CNS_1589,VNI,VNIa,VNIa-4,NA,Clinical,Laos,Asia,Positive,,Ashton,Ashton,1970-01-01,NA,NA,NA
04CN-03-077,ERS2541181,04CN-03-077,VNI,VNIa,VNIa-5,NA,Clinical,Vietnam,Asia,Positive,,Ashton,Ashton,1970-01-01,NA,NA,NA
CNS_1453,ERS2541384,CNS_1453,VNI,VNIa,VNIa-4,NA,Clinical,Laos,Asia,Positive,,Ashton,Ashton,1970-01-01,NA,NA,NA
BK56,ERS542344,14892_1#48,VNI,VNIa,VNIa-4,NA,Clinical,Vietnam,Asia,Positive,,Ashton,Ashton,1970-01-01,NA,NA,NA
BK57,ERS1142720,20427_2#25,VNI,VNIa,VNIa-4,NA,Clinical,Vietnam,Asia,Positive,,Ashton,Ashton,1970-01-01,NA,NA,NA
BK58,ERS1142721,20427_2#26,VNI,VNIa,VNIa-4,NA,Clinical,Vietnam,Asia,Positive,,Ashton,Ashton,1970-01-01,NA,NA,NA
BK59,ERS1142722,20427_2#27,VNI,VNIa,VNIa-4,NA,Clinical,Vietnam,Asia,Positive,,Ashton,Ashton,1970-01-01,NA,NA,NA
BK6,ERS542340,14892_1#44,VNI,VNIa,VNIa-4,NA,Clinical,Vietnam,Asia,Positive,,Ashton,Ashton,1970-01-01,NA,NA,NA
BK61,ERS1142724,20427_2#29,VNI,VNIa,VNIa-4,NA,Clinical,Vietnam,Asia,Positive,,Ashton,Ashton,1970-01-01,NA,NA,NA
BK64,ERS1142726,20427_2#31,VNI,VNIa,VNIa-4,NA,Clinical,Vietnam,Asia,Positive,,Ashton,Ashton,1970-01-01,NA,NA,NA
BK69,ERS1142729,20427_2#34,VNI,VNIa,VNIa-4,NA,Clinical,Vietnam,Asia,Positive,,Ashton,Ashton,1970-01-01,NA,NA,NA
BK7,ERS1142694,20427_2#3,VNI,VNIa,VNIa-4,NA,Clinical,Vietnam,Asia,Positive,,Ashton,Ashton,1970-01-01,NA,NA,NA
BK70,ERS542361,14892_1#65,VNI,VNIa,VNIa-4,NA,Clinical,Vietnam,Asia,Positive,,Ashton,Ashton,1970-01-01,NA,NA,NA
BK71,ERS1142730,20427_2#35,VNI,VNIa,VNIa-4,NA,Clinical,Vietnam,Asia,Positive,,Ashton,Ashton,1970-01-01,NA,NA,NA
BK73,ERS1142732,20427_2#37,VNI,VNIa,VNIa-4,NA,Clinical,Vietnam,Asia,Positive,,Ashton,Ashton,1970-01-01,NA,NA,NA
BK74,ERS1142733,20427_2#38,VNI,VNIa,VNIa-4,NA,Clinical,Vietnam,Asia,Positive,,Ashton,Ashton,1970-01-01,NA,NA,NA
BK75,ERS542306,14892_1#11,VNI,VNIa,VNIa-4,NA,Clinical,Vietnam,Asia,Positive,,Ashton,Ashton,1970-01-01,non_haploid,NA,yes
BK79,ERS1142737,20427_2#40,VNI,VNIa,VNIa-4,NA,Clinical,Vietnam,Asia,Positive,,Ashton,Ashton,1970-01-01,NA,NA,NA
BK80,ERS1142738,20427_2#41,VNI,VNIa,VNIa-4,NA,Clinical,Vietnam,Asia,Positive,,Ashton,Ashton,1970-01-01,NA,NA,NA
BK83,ERS1142741,20427_2#44,VNI,VNIa,VNIa-4,NA,Clinical,Vietnam,Asia,Positive,,Ashton,Ashton,1970-01-01,NA,NA,NA
BK84,ERS1142742,20427_2#45,VNI,VNIa,VNIa-4,NA,Clinical,Vietnam,Asia,Positive,,Ashton,Ashton,1970-01-01,NA,NA,NA
BK87,ERS542394,14936_1#3,VNI,VNIa,VNIa-4,NA,Clinical,Vietnam,Asia,Positive,,Ashton,Ashton,1970-01-01,NA,NA,NA
BK88,ERS1142745,20427_2#48,VNI,VNIa,VNIa-4,NA,Clinical,Vietnam,Asia,Positive,,Ashton,Ashton,1970-01-01,NA,NA,NA
BK89,ERS1142746,20427_2#49,VNI,VNIa,VNIa-4,NA,Clinical,Vietnam,Asia,Positive,,Ashton,Ashton,1970-01-01,NA,NA,NA
BK53,ERS1142719,20427_2#24,VNI,VNIa,VNIa-4,NA,Clinical,Vietnam,Asia,Positive,,Ashton,Ashton,1970-01-01,NA,NA,NA
BK90,ERS1142747,20427_2#50,VNI,VNIa,VNIa-4,NA,Clinical,Vietnam,Asia,Positive,,Ashton,Ashton,1970-01-01,NA,NA,NA
BK52,ERS542312,14892_1#17,VNI,VNIa,VNIa-4,NA,Clinical,Vietnam,Asia,Positive,,Ashton,Ashton,1970-01-01,NA,NA,NA
BK48,ERS1142716,20427_2#21,VNI,VNIa,VNIa-4,NA,Clinical,Vietnam,Asia,Positive,,Ashton,Ashton,1970-01-01,NA,NA,NA
BK266,ERS1142863,20427_4#3,VNI,VNIa,VNIa-4,NA,Clinical,Vietnam,Asia,Positive,,Ashton,Ashton,1970-01-01,NA,NA,NA
BK267,ERS1142864,20427_4#4,VNI,VNIa,VNIa-4,NA,Clinical,Vietnam,Asia,Positive,,Ashton,Ashton,1970-01-01,NA,NA,NA
BK268,ERS1142865,20949_2#40,VNI,VNIa,VNIa-4,NA,Clinical,Vietnam,Asia,Positive,,Ashton,Ashton,1970-01-01,non_haploid,NA,yes
BK270,ERS542545,14893_1#57,VNI,VNIa,VNIa-4,NA,Clinical,Vietnam,Asia,Positive,,Ashton,Ashton,1970-01-01,NA,NA,NA
BK271,ERS542546,14893_1#58,VNI,VNIa,VNIa-4,NA,Clinical,Vietnam,Asia,Positive,,Ashton,Ashton,1970-01-01,NA,NA,NA
BK274,ERS1142869,20949_2#42,VNI,VNIa,VNIa-4,NA,Clinical,Vietnam,Asia,Positive,,Ashton,Ashton,1970-01-01,NA,NA,NA
BK276,ERS1142871,20427_4#8,VNI,VNIa,VNIa-4,NA,Clinical,Vietnam,Asia,Positive,,Ashton,Ashton,1970-01-01,NA,NA,NA
BK278,ERS1142873,20427_4#9,VNI,VNIa,VNIa-4,NA,Clinical,Vietnam,Asia,Positive,,Ashton,Ashton,1970-01-01,NA,NA,NA
BK279,ERS542554,14893_1#66,VNI,VNIa,VNIa-4,NA,Clinical,Vietnam,Asia,Positive,,Ashton,Ashton,1970-01-01,NA,NA,NA
BK280,ERS1142874,20427_4#10,VNI,VNIa,VNIa-4,NA,Clinical,Vietnam,Asia,Positive,,Ashton,Ashton,1970-01-01,NA,NA,NA
BK282,ERS1142875,20427_4#11,VNI,VNIa,VNIa-4,NA,Clinical,Vietnam,Asia,Positive,,Ashton,Ashton,1970-01-01,NA,NA,NA
BK284,ERS542558,14893_1#70,VNI,VNIa,VNIa-4,NA,Clinical,Vietnam,Asia,Positive,,Ashton,Ashton,1970-01-01,NA,NA,NA
BK285,ERS1142877,20427_4#12,VNI,VNIa,VNIa-4,NA,Clinical,Vietnam,Asia,Positive,,Ashton,Ashton,1970-01-01,NA,NA,NA
BK286,ERS1142878,20427_4#13,VNI,VNIa,VNIa-4,NA,Clinical,Vietnam,Asia,Positive,,Ashton,Ashton,1970-01-01,NA,NA,NA
BK287,ERS2541102,BK287,VNI,VNIa,VNIa-4,NA,Clinical,Vietnam,Asia,Positive,,Ashton,Ashton,1970-01-01,NA,NA,NA
BK291,ERS1142883,20427_4#16,VNI,VNIa,VNIa-4,NA,Clinical,Vietnam,Asia,Positive,,Ashton,Ashton,1970-01-01,NA,NA,NA
BK295,ERS1142887,20949_2#49,VNI,VNIa,VNIa-4,NA,Clinical,Vietnam,Asia,Positive,,Ashton,Ashton,1970-01-01,NA,NA,NA
BK30,ERS542326,14892_1#30,VNI,VNIa,VNIa-4,NA,Clinical,Vietnam,Asia,Positive,,Ashton,Ashton,1970-01-01,NA,NA,NA
BK32,ERS542342,14892_1#46,VNI,VNIa,VNIa-4,NA,Clinical,Vietnam,Asia,Positive,,Ashton,Ashton,1970-01-01,NA,NA,NA
BK35,ERS542366,14892_1#70,VNI,VNIa,VNIa-4,NA,Clinical,Vietnam,Asia,Positive,,Ashton,Ashton,1970-01-01,NA,NA,NA
BK40,ERS542311,14892_1#16,VNI,VNIa,VNIa-4,NA,Clinical,Vietnam,Asia,Positive,,Ashton,Ashton,1970-01-01,NA,NA,NA
BK5,ERS1142693,20427_2#2,VNI,VNIa,VNIa-4,NA,Clinical,Vietnam,Asia,Positive,,Ashton,Ashton,1970-01-01,NA,NA,NA
BK93,ERS1142750,20427_2#53,VNI,VNIa,VNIa-4,NA,Clinical,Vietnam,Asia,Positive,,Ashton,Ashton,1970-01-01,NA,NA,NA
BK86,ERS1142744,20427_2#47,VNI,VNIa,VNIa-4,NA,Clinical,Vietnam,Asia,Positive,,Ashton,Ashton,1970-01-01,NA,NA,NA
BK96,ERS1142753,20427_2#56,VNI,VNIa,VNIa-4,NA,Clinical,Vietnam,Asia,Positive,,Ashton,Ashton,1970-01-01,NA,NA,NA
CNS_1017,ERS2541405,CNS_1017,VNI,VNIa,VNIa-4,NA,Clinical,Laos,Asia,Positive,,Ashton,Ashton,1970-01-01,NA,NA,NA
CNS_1026,ERS2541404,CNS_1026,VNI,VNIa,VNIa-4,NA,Clinical,Laos,Asia,Positive,,Ashton,Ashton,1970-01-01,NA,NA,NA
BK95,ERS1142752,20427_2#55,VNI,VNIa,VNIa-4,NA,Clinical,Vietnam,Asia,Positive,,Ashton,Ashton,1970-01-01,NA,NA,NA
CNS_1085,ERS2541402,CNS_1085,VNI,VNIa,VNIa-4,NA,Clinical,Laos,Asia,Positive,,Ashton,Ashton,1970-01-01,NA,NA,NA
CNS_1087,ERS2541401,CNS_1087,VNI,VNIa,VNIa-4,NA,Clinical,Laos,Asia,Positive,,Ashton,Ashton,1970-01-01,NA,NA,NA
CNS_1089,ERS2541400,CNS_1089,VNI,VNIa,VNIa-4,NA,Clinical,Laos,Asia,Positive,,Ashton,Ashton,1970-01-01,NA,NA,NA
CNS_1110,ERS2541399,CNS_1110,VNI,VNIa,VNIa-4,NA,Clinical,Laos,Asia,Positive,,Ashton,Ashton,1970-01-01,NA,NA,NA
CNS_1125,ERS2541398,CNS_1125,VNI,VNIa,VNIa-4,NA,Clinical,Laos,Asia,Positive,,Ashton,Ashton,1970-01-01,NA,NA,NA
CNS_1129,ERS2541397,CNS_1129,VNI,VNIa,VNIa-4,NA,Clinical,Laos,Asia,Positive,,Ashton,Ashton,1970-01-01,NA,NA,NA
CNS_1156,ERS2541396,CNS_1156,VNI,VNIa,VNIa-4,NA,Clinical,Laos,Asia,Positive,,Ashton,Ashton,1970-01-01,NA,NA,NA
CNS_1179,ERS2541395,CNS_1179,VNI,VNIa,VNIa-4,NA,Clinical,Laos,Asia,Positive,,Ashton,Ashton,1970-01-01,NA,NA,NA
CNS_1181,ERS2541394,CNS_1181,VNI,VNIa,VNIa-4,NA,Clinical,Laos,Asia,Positive,,Ashton,Ashton,1970-01-01,NA,NA,NA
CNS_1302,ERS2541392,CNS_1302,VNI,VNIa,VNIa-4,NA,Clinical,Laos,Asia,Positive,,Ashton,Ashton,1970-01-01,NA,NA,NA
CNS_133-2,ERS2541340,CNS_133-2,VNI,VNIa,VNIa-4,NA,Clinical,Laos,Asia,Positive,,Ashton,Ashton,,NA,NA,NA
CNS_1379,ERS2541391,CNS_1379,VNI,VNIa,VNIa-4,NA,Clinical,Laos,Asia,Positive,,Ashton,Ashton,1970-01-01,NA,NA,NA
CNS_1385,ERS2541390,CNS_1385,VNI,VNIa,VNIa-4,NA,Clinical,Laos,Asia,Positive,,Ashton,Ashton,1970-01-01,NA,NA,NA
CNS_1394,ERS2541389,CNS_1394,VNI,VNIa,VNIa-4,NA,Clinical,Laos,Asia,Positive,,Ashton,Ashton,1970-01-01,NA,NA,NA
CNS_1403,ERS2541388,CNS_1403,VNI,VNIa,VNIa-4,NA,Clinical,Laos,Asia,Positive,,Ashton,Ashton,1970-01-01,non_haploid,NA,yes
CNS_1413,ERS2541387,CNS_1413,VNI,VNIa,VNIa-4,NA,Clinical,Laos,Asia,Positive,,Ashton,Ashton,1970-01-01,NA,NA,NA
CNS_1419,ERS2541386,CNS_1419,VNI,VNIa,VNIa-4,NA,Clinical,Laos,Asia,Positive,,Ashton,Ashton,1970-01-01,NA,NA,NA
CNS_1420,ERS2541385,CNS_1420,VNI,VNIa,VNIa-4,NA,Clinical,Laos,Asia,Positive,,Ashton,Ashton,1970-01-01,NA,NA,NA
BMD973,ERS1142895,20949_2#55,VNI,VNIa,VNIa-4,NA,Clinical,Vietnam,Asia,Negative,,Ashton,Ashton,1970-01-01,NA,NA,NA
BMD745,ERS2541149,BMD745,VNI,VNIa,VNIa-4,NA,Clinical,Vietnam,Asia,Negative,,Ashton,Ashton,1970-01-01,NA,NA,NA
CNS_1047,ERS2541403,CNS_1047,VNI,VNIa,VNIa-4,NA,Clinical,Laos,Asia,Positive,,Ashton,Ashton,1970-01-01,NA,NA,NA
BMD2973,ERS2541114,BMD2973,VNI,VNIa,VNIa-4,NA,Clinical,Vietnam,Asia,Positive,,Ashton,Ashton,1970-01-01,NA,NA,NA
BK98,ERS1142755,20427_2#58,VNI,VNIa,VNIa-4,NA,Clinical,Vietnam,Asia,Positive,,Ashton,Ashton,1970-01-01,NA,NA,NA
BMD1367,ERS542595,15277_3#45,VNI,VNIa,VNIa-4,NA,Clinical,Vietnam,Asia,Negative,,Ashton,Ashton,,NA,MAPQ-Low,yes
BMD1392,ERS2541109,BMD1392,VNI,VNIa,VNIa-4,NA,Clinical,Vietnam,Asia,Negative,,Ashton,Ashton,,NA,NA,NA
BMD1415,ERS2541103,BMD1415,VNI,VNIa,VNIa-4,NA,Clinical,Vietnam,Asia,Negative,,Ashton,Ashton,,NA,NA,NA
BMD394,ERS2541153,BMD394,VNI,VNIa,VNIa-4,NA,Clinical,Vietnam,Asia,Negative,,Ashton,Ashton,1970-01-01,NA,NA,NA
BMD1929,ERS2541195,BMD1929,VNI,VNIa,VNIa-4,NA,Clinical,Vietnam,Asia,Positive,,Ashton,Ashton,1970-01-01,NA,NA,NA
BMD2209,ERS2541247,BMD2209,VNI,VNIa,VNIa-4,NA,Clinical,Vietnam,Asia,Negative,,Ashton,Ashton,1970-01-01,NA,NA,NA
BMD2733,ERS2541090,BMD2733,VNI,VNIa,VNIa-4,NA,Clinical,Vietnam,Asia,Negative,,Ashton,Ashton,1970-01-01,NA,NA,NA
BMD1879,ERS2541152,BMD1879,VNI,VNIa,VNIa-4,NA,Clinical,Vietnam,Asia,Positive,,Ashton,Ashton,1970-01-01,NA,NA,NA
BMD2834,ERS2541287,BMD2834,VNI,VNIa,VNIa-4,NA,Clinical,Vietnam,Asia,Negative,,Ashton,Ashton,1970-01-01,NA,NA,NA
BMD2806,ERS2541218,BMD2806,VNI,VNIa,VNIa-4,NA,Clinical,Vietnam,Asia,Negative,,Ashton,Ashton,1970-01-01,NA,NA,NA
BMD2773,ERS2541134,BMD2773,VNI,VNIa,VNIa-4,NA,Clinical,Vietnam,Asia,Negative,,Ashton,Ashton,1970-01-01,NA,NA,NA
CNS_1474,ERS2541382,CNS_1474,VNI,VNIa,VNIa-4,NA,Clinical,Laos,Asia,Positive,,Ashton,Ashton,1970-01-01,NA,NA,NA
04CN-65-045,ERS2541007,04CN-65-045,VNI,VNIb,,NA,Clinical,Uganda,Africa,Positive,,Ashton,Ashton,1970-01-01,NA,NA,NA
04CN-65-047,ERS2541013,04CN-65-047,VNI,VNIb,,NA,Clinical,Uganda,Africa,Positive,,Ashton,Ashton,1970-01-01,NA,NA,NA
04CN-65-062,ERS2541056,04CN-65-062,VNI,VNIb,,NA,Clinical,Uganda,Africa,Positive,,Ashton,Ashton,1970-01-01,NA,NA,NA
04CN-65-074,ERS2541002,04CN-65-074,VNI,VNIb,,NA,Clinical,Uganda,Africa,Positive,,Ashton,Ashton,,NA,NA,NA
04CN-65-087,ERS2541316,04CN-65-087,VNI,VNIb,,NA,Clinical,Uganda,Africa,Positive,,Ashton,Ashton,1970-01-01,NA,NA,NA
04CN-65-096,ERS2541014,04CN-65-096,VNI,VNIb,,NA,Clinical,Uganda,Africa,Positive,,Ashton,Ashton,1970-01-01,NA,NA,NA
04CN-65-125,ERS2540992,04CN-65-125,VNI,VNIb,,NA,Clinical,Uganda,Africa,Positive,,Ashton,Ashton,1970-01-01,NA,NA,NA
04CN-65-132,ERS2541077,04CN-65-132,VNI,VNIb,,NA,Clinical,Uganda,Africa,Positive,,Ashton,Ashton,1970-01-01,NA,NA,NA
BK8,ERS1142695,20427_2#4,VNI,VNIb,,NA,Clinical,Vietnam,Asia,Positive,,Ashton,Ashton,1970-01-01,NA,NA,NA
04CN-64-019,ERS2541006,04CN-64-019,VNI,VNIb,,NA,Clinical,Uganda,Africa,Positive,,Ashton,Ashton,1970-01-01,NA,NA,NA
H99,GCF_000149245,NA,VNI,VNIb,NA,α,Clinical,USA,North America,NA,NA,Reference,NA,NA,NA,NA,NA
